Timestamp,Message Type,Voltage (V),Current (A),Remaining (%),Servo1 Output,Servo2 Output,Servo8 Output,Servo4 Output,Altitude (m),Roll,Pitch,Yaw,Yaw Rate (rad/s),Acceleration Z (m/s^2),Local X (m),Local Y (m),Local Z (m),Vibration X,Vibration Y,Vibration Z,ESC Info
1771213849,ALTITUDE,,,,,,,,nan,,,,,,,,,,,,
1771213849,LOCAL_POSITION_NED,,,,,,,,,,,,,,-0.007372813,-0.164357156,-0.083604604,,,,
1771213849,SERVO_OUTPUT_RAW,,,,0,0,0,0,,,,,,,,,,,,,
1771213852,ALTITUDE,,,,,,,,581.3790283,,,,,,,,,,,,
1771213852,BATTERY_STATUS,12.639,0,100,,,,,,,,,,,,,,,,,
1771213852,LOCAL_POSITION_NED,,,,,,,,,,,,,,0.004525583,0.063639805,-0.020577317,,,,
1771213852,SERVO_OUTPUT_RAW,,,,0,0,0,0,,,,,,,,,,,,,
1771213853,ATTITUDE,,,,,,,,,0.009257589,-0.016336726,-0.149750292,-0.004079643,,,,,,,,
1771213853,ATTITUDE,,,,,,,,,0.008932776,-0.016246891,-0.149455592,0.001705311,,,,,,,,
1771213854,ATTITUDE,,,,,,,,,0.006058019,-0.015190705,-0.149651527,-0.058584068,,,,,,,,
1771213854,ATTITUDE,,,,,,,,,0.003414392,-0.013070987,-0.149323419,0.014110624,,,,,,,,
1771213854,ATTITUDE,,,,,,,,,0.002000702,-0.013599376,-0.149139702,-0.054490581,,,,,,,,
1771213854,ATTITUDE,,,,,,,,,-0.005509011,-0.015971122,-0.150816604,-0.060980018,,,,,,,,
1771213854,ATTITUDE,,,,,,,,,0.0003975,-0.0164783,-0.149296448,0.011156333,,,,,,,,
1771213855,ATTITUDE,,,,,,,,,-0.004963694,-0.012299761,-0.149520546,0.010214542,,,,,,,,
1771213855,ALTITUDE,,,,,,,,580.8399658,,,,,,,,,,,,
1771213855,LOCAL_POSITION_NED,,,,,,,,,,,,,,-0.001575391,-0.036956199,-0.205871865,,,,
1771213855,SERVO_OUTPUT_RAW,,,,0,0,0,0,,,,,,,,,,,,,
1771213855,ATTITUDE,,,,,,,,,-0.00164193,-0.012491594,-0.148272574,0.006530129,,,,,,,,
1771213855,ATTITUDE,,,,,,,,,0.002104075,-0.01363903,-0.147765666,0.003889906,,,,,,,,
1771213855,ATTITUDE,,,,,,,,,0.003117238,-0.013986801,-0.147767022,0.001210424,,,,,,,,
1771213855,ATTITUDE,,,,,,,,,0.00379711,-0.014117301,-0.147398576,0.005518244,,,,,,,,
1771213856,ATTITUDE,,,,,,,,,0.006614509,-0.014656482,-0.146707177,0.001439734,,,,,,,,
1771213856,ATTITUDE,,,,,,,,,0.005750834,-0.014514939,-0.147085816,-0.005804916,,,,,,,,
1771213856,ATTITUDE,,,,,,,,,0.005700307,-0.014537817,-0.14711076,-0.001233305,,,,,,,,
1771213856,ATTITUDE,,,,,,,,,0.004767466,-0.014374287,-0.146997109,0.005216238,,,,,,,,
1771213856,ATTITUDE,,,,,,,,,0.004871979,-0.014320429,-0.146840468,-0.001525334,,,,,,,,
1771213857,ATTITUDE,,,,,,,,,0.004803413,-0.014285204,-0.146785542,0.00069314,,,,,,,,
1771213857,ATTITUDE,,,,,,,,,0.005384556,-0.014218058,-0.146633744,-0.000763021,,,,,,,,
1771213857,ATTITUDE,,,,,,,,,0.006552627,-0.014577504,-0.146615341,-0.000754059,,,,,,,,
1771213857,ATTITUDE,,,,,,,,,0.007830272,-0.014582815,-0.14658533,0.003683744,,,,,,,,
1771213858,ATTITUDE,,,,,,,,,0.008719412,-0.014398115,-0.146465197,-0.002964017,,,,,,,,
1771213858,ATTITUDE,,,,,,,,,0.009104672,-0.01424228,-0.146493316,0.00167854,,,,,,,,
1771213858,ATTITUDE,,,,,,,,,0.009346572,-0.013978354,-0.146412,0.000898004,,,,,,,,
1771213858,ALTITUDE,,,,,,,,581.2098999,,,,,,,,,,,,
1771213858,LOCAL_POSITION_NED,,,,,,,,,,,,,,-0.022805162,-0.10923548,-0.156785786,,,,
1771213858,SERVO_OUTPUT_RAW,,,,0,0,0,0,,,,,,,,,,,,,
1771213858,ATTITUDE,,,,,,,,,0.009466943,-0.013891129,-0.146431699,-0.001701426,,,,,,,,
1771213858,ATTITUDE,,,,,,,,,0.009639497,-0.013752079,-0.146321401,0.002039677,,,,,,,,
1771213858,BATTERY_STATUS,12.633,0,100,,,,,,,,,,,,,,,,,
1771213859,ATTITUDE,,,,,,,,,0.009827599,-0.013792344,-0.146289766,-0.001777404,,,,,,,,
1771213859,ATTITUDE,,,,,,,,,0.009933943,-0.013812884,-0.14629674,0.001787211,,,,,,,,
1771213859,ATTITUDE,,,,,,,,,0.01001142,-0.013817927,-0.146258265,-0.000106487,,,,,,,,
1771213859,ATTITUDE,,,,,,,,,0.010083606,-0.013874345,-0.146232694,0.001453834,,,,,,,,
1771213859,ATTITUDE,,,,,,,,,0.010106416,-0.013883426,-0.14614968,0.000703093,,,,,,,,
1771213860,ATTITUDE,,,,,,,,,0.010126527,-0.0138758,-0.14613238,7.52E-05,,,,,,,,
1771213860,ATTITUDE,,,,,,,,,0.010075306,-0.013913722,-0.146100238,0.002291032,,,,,,,,
1771213860,ATTITUDE,,,,,,,,,0.010028353,-0.013998032,-0.146047115,-0.000241038,,,,,,,,
1771213860,ATTITUDE,,,,,,,,,0.009948879,-0.014071096,-0.145988241,0.000850369,,,,,,,,
1771213861,ATTITUDE,,,,,,,,,0.0099217,-0.014130282,-0.145949215,-0.001147596,,,,,,,,
1771213861,ATTITUDE,,,,,,,,,0.009898735,-0.014183068,-0.145947188,0.00043867,,,,,,,,
1771213861,ATTITUDE,,,,,,,,,0.009811586,-0.014167874,-0.145892054,9.11E-05,,,,,,,,
1771213861,ATTITUDE,,,,,,,,,0.009736633,-0.014158754,-0.145948991,-0.000582016,,,,,,,,
1771213861,ALTITUDE,,,,,,,,580.8162231,,,,,,,,,,,,
1771213861,LOCAL_POSITION_NED,,,,,,,,,,,,,,-0.024615601,-0.107100032,-0.17809765,,,,
1771213861,SERVO_OUTPUT_RAW,,,,0,0,0,0,,,,,,,,,,,,,
1771213861,ATTITUDE,,,,,,,,,0.009638269,-0.014161646,-0.14593105,-0.000594036,,,,,,,,
1771213862,ATTITUDE,,,,,,,,,0.009644176,-0.014229106,-0.145921782,0.000195304,,,,,,,,
1771213862,ATTITUDE,,,,,,,,,0.009557636,-0.014381794,-0.145881325,0.000375304,,,,,,,,
1771213862,ATTITUDE,,,,,,,,,0.009504473,-0.01462916,-0.145827815,-2.83E-05,,,,,,,,
1771213862,ATTITUDE,,,,,,,,,0.009678281,-0.014781072,-0.145866811,-0.000432382,,,,,,,,
1771213862,ATTITUDE,,,,,,,,,0.009896357,-0.014982324,-0.145905137,0.000911028,,,,,,,,
1771213863,ATTITUDE,,,,,,,,,0.010137675,-0.015170963,-0.145861983,-0.001062389,,,,,,,,
1771213863,ATTITUDE,,,,,,,,,0.010332791,-0.015312701,-0.14581579,-9.52E-05,,,,,,,,
1771213863,ATTITUDE,,,,,,,,,0.010492538,-0.015405773,-0.145812199,-0.000305907,,,,,,,,
1771213863,ATTITUDE,,,,,,,,,0.010672814,-0.015539583,-0.145809159,0.000449309,,,,,,,,
1771213864,ATTITUDE,,,,,,,,,0.010731063,-0.01562156,-0.145839363,-0.001372588,,,,,,,,
1771213864,ATTITUDE,,,,,,,,,0.010783451,-0.015766481,-0.145833135,-3.80E-05,,,,,,,,
1771213864,ATTITUDE,,,,,,,,,0.01074939,-0.015766677,-0.145795554,-0.000175217,,,,,,,,
1771213864,ATTITUDE,,,,,,,,,0.010677392,-0.015824821,-0.145800471,-0.00106749,,,,,,,,
1771213864,ATTITUDE,,,,,,,,,0.01055729,-0.015796753,-0.14578706,0.000835485,,,,,,,,
1771213865,ALTITUDE,,,,,,,,580.6867065,,,,,,,,,,,,
1771213865,LOCAL_POSITION_NED,,,,,,,,,,,,,,-0.018679716,-0.106448725,-0.146897748,,,,
1771213865,SERVO_OUTPUT_RAW,,,,0,0,0,0,,,,,,,,,,,,,
1771213865,ATTITUDE,,,,,,,,,0.010454465,-0.01580642,-0.145790249,0.000945093,,,,,,,,
1771213865,ATTITUDE,,,,,,,,,0.010347134,-0.015825206,-0.145868525,-0.00014177,,,,,,,,
1771213865,ATTITUDE,,,,,,,,,0.010212624,-0.015777491,-0.145844758,-0.000510195,,,,,,,,
1771213865,BATTERY_STATUS,12.63,0,100,,,,,,,,,,,,,,,,,
1771213865,ATTITUDE,,,,,,,,,0.010129787,-0.015671879,-0.145846531,0.000155567,,,,,,,,
1771213866,ATTITUDE,,,,,,,,,0.010004026,-0.015636604,-0.145890281,-0.000312389,,,,,,,,
1771213866,ATTITUDE,,,,,,,,,0.009844298,-0.015550655,-0.145923465,-0.001440015,,,,,,,,
1771213866,ATTITUDE,,,,,,,,,0.00970193,-0.015607376,-0.14591068,0.000650014,,,,,,,,
1771213866,ATTITUDE,,,,,,,,,0.009568858,-0.015792748,-0.145877272,0.000972759,,,,,,,,
1771213867,ATTITUDE,,,,,,,,,0.009478436,-0.015987867,-0.145895109,0.000221489,,,,,,,,
1771213867,ATTITUDE,,,,,,,,,0.009342599,-0.016211683,-0.145906314,0.00063463,,,,,,,,
1771213867,ATTITUDE,,,,,,,,,0.009293021,-0.016429098,-0.145870343,0.0006381,,,,,,,,
1771213867,ATTITUDE,,,,,,,,,0.009219946,-0.016539147,-0.145813778,-0.000239085,,,,,,,,
1771213867,ATTITUDE,,,,,,,,,0.009089355,-0.016663617,-0.145830154,-5.08E-05,,,,,,,,
1771213868,ATTITUDE,,,,,,,,,0.009106617,-0.016745534,-0.145823017,-0.000233096,,,,,,,,
1771213868,ATTITUDE,,,,,,,,,0.009232813,-0.01676498,-0.145930648,-0.000213066,,,,,,,,
1771213868,ALTITUDE,,,,,,,,580.2454834,,,,,,,,,,,,
1771213868,LOCAL_POSITION_NED,,,,,,,,,,,,,,-0.016244723,-0.110708125,-0.078362174,,,,
1771213868,SERVO_OUTPUT_RAW,,,,0,0,0,0,,,,,,,,,,,,,
1771213868,ATTITUDE,,,,,,,,,0.009342382,-0.016785465,-0.145998478,-0.000748804,,,,,,,,
1771213868,ATTITUDE,,,,,,,,,0.009465975,-0.016794162,-0.1460464,0.000806165,,,,,,,,
1771213869,ATTITUDE,,,,,,,,,0.009594068,-0.016748624,-0.145986244,-0.000216585,,,,,,,,
1771213869,ATTITUDE,,,,,,,,,0.009709579,-0.016722612,-0.146035567,-0.000191985,,,,,,,,
1771213869,ATTITUDE,,,,,,,,,0.009778749,-0.016645845,-0.146086007,-0.000468323,,,,,,,,
1771213869,ATTITUDE,,,,,,,,,0.009891414,-0.01652397,-0.146156862,-0.000314816,,,,,,,,
1771213870,ATTITUDE,,,,,,,,,0.009895007,-0.016473969,-0.146184191,-9.76E-05,,,,,,,,
1771213870,ATTITUDE,,,,,,,,,0.009919595,-0.016437156,-0.146131843,0.000214995,,,,,,,,
1771213870,ATTITUDE,,,,,,,,,0.009873009,-0.016353764,-0.146124691,-0.000839406,,,,,,,,
1771213870,ATTITUDE,,,,,,,,,0.009816427,-0.016297385,-0.146100551,-0.001107192,,,,,,,,
1771213870,ATTITUDE,,,,,,,,,0.00986625,-0.016266195,-0.146073997,8.12E-05,,,,,,,,
1771213871,ATTITUDE,,,,,,,,,0.009786727,-0.016172266,-0.146091372,-0.000559296,,,,,,,,
1771213871,ATTITUDE,,,,,,,,,0.009733476,-0.016051194,-0.146118388,0.000129404,,,,,,,,
1771213871,ATTITUDE,,,,,,,,,0.009652114,-0.015892684,-0.146136969,0.000540251,,,,,,,,
1771213871,ATTITUDE,,,,,,,,,0.009624733,-0.015780739,-0.146240681,-9.28E-05,,,,,,,,
1771213871,ALTITUDE,,,,,,,,581.1411743,,,,,,,,,,,,
1771213872,LOCAL_POSITION_NED,,,,,,,,,,,,,,-0.016492823,-0.106134981,-0.060767569,,,,
1771213872,SERVO_OUTPUT_RAW,,,,0,0,0,0,,,,,,,,,,,,,
1771213872,ATTITUDE,,,,,,,,,0.009503044,-0.015663063,-0.146311983,0.000214397,,,,,,,,
1771213872,ATTITUDE,,,,,,,,,0.009438055,-0.015534109,-0.14630799,-0.000476698,,,,,,,,
1771213872,ATTITUDE,,,,,,,,,0.009348953,-0.015383142,-0.146275386,-0.000235961,,,,,,,,
1771213872,BATTERY_STATUS,12.621,0,100,,,,,,,,,,,,,,,,,
1771213872,ATTITUDE,,,,,,,,,0.009418846,-0.015370105,-0.14634949,-0.000541007,,,,,,,,
1771213872,ATTITUDE,,,,,,,,,0.00954469,-0.015205803,-0.14638941,-0.002016092,,,,,,,,
1771213873,ATTITUDE,,,,,,,,,0.009661116,-0.015107898,-0.146382824,-0.000348349,,,,,,,,
1771213873,ATTITUDE,,,,,,,,,0.009740946,-0.015076029,-0.14637731,0.000237698,,,,,,,,
1771213873,ATTITUDE,,,,,,,,,0.009849505,-0.014949164,-0.146378636,-0.000618247,,,,,,,,
1771213873,ATTITUDE,,,,,,,,,0.009912354,-0.014851468,-0.14645353,-0.001581104,,,,,,,,
1771213874,ATTITUDE,,,,,,,,,0.00997098,-0.014739642,-0.14646104,0.000634816,,,,,,,,
1771213874,ATTITUDE,,,,,,,,,0.010240761,-0.014683951,-0.146478742,-0.000800933,,,,,,,,
1771213874,ATTITUDE,,,,,,,,,0.010456373,-0.01457548,-0.146536753,-0.000553786,,,,,,,,
1771213874,ATTITUDE,,,,,,,,,0.010651532,-0.014461713,-0.146542847,-0.000895838,,,,,,,,
1771213875,ATTITUDE,,,,,,,,,0.010854014,-0.014377901,-0.146495536,0.000159717,,,,,,,,
1771213875,ATTITUDE,,,,,,,,,0.011041528,-0.014292948,-0.146543056,-0.00105176,,,,,,,,
1771213875,ALTITUDE,,,,,,,,580.5466919,,,,,,,,,,,,
1771213875,LOCAL_POSITION_NED,,,,,,,,,,,,,,-0.020232579,-0.101573534,-0.055493876,,,,
1771213875,SERVO_OUTPUT_RAW,,,,0,0,0,0,,,,,,,,,,,,,
1771213875,ATTITUDE,,,,,,,,,0.011152146,-0.014260895,-0.1465929,-0.001206376,,,,,,,,
1771213875,ATTITUDE,,,,,,,,,0.011264482,-0.014225042,-0.14661786,-0.001096713,,,,,,,,
1771213875,ATTITUDE,,,,,,,,,0.011384509,-0.014173142,-0.146584287,0.000176494,,,,,,,,
1771213876,ATTITUDE,,,,,,,,,0.011470979,-0.01413323,-0.146640167,0.000305886,,,,,,,,
1771213876,ATTITUDE,,,,,,,,,0.011489944,-0.014088484,-0.146653175,-0.000972888,,,,,,,,
1771213876,ATTITUDE,,,,,,,,,0.011432878,-0.014019607,-0.146609917,-0.000616258,,,,,,,,
1771213876,ATTITUDE,,,,,,,,,0.011468749,-0.013934931,-0.14657858,9.73E-05,,,,,,,,
1771213877,ATTITUDE,,,,,,,,,0.011426218,-0.013944888,-0.146540537,-0.000334592,,,,,,,,
1771213877,ATTITUDE,,,,,,,,,0.011351202,-0.013893127,-0.146280304,0.000687738,,,,,,,,
1771213877,ATTITUDE,,,,,,,,,0.011314439,-0.013851847,-0.146058753,-0.000967172,,,,,,,,
1771213877,ATTITUDE,,,,,,,,,0.011303853,-0.013815484,-0.14593327,0.002444449,,,,,,,,
1771213878,ATTITUDE,,,,,,,,,0.011314013,-0.013800616,-0.145835593,0.001145319,,,,,,,,
1771213878,ATTITUDE,,,,,,,,,0.011261808,-0.013730492,-0.145818114,0.001100108,,,,,,,,
1771213878,ATTITUDE,,,,,,,,,0.011141739,-0.013699829,-0.145793289,0.000215863,,,,,,,,
1771213878,ATTITUDE,,,,,,,,,0.010909555,-0.013666737,-0.145709589,0.002501766,,,,,,,,
1771213878,ALTITUDE,,,,,,,,580.6972656,,,,,,,,,,,,
1771213878,LOCAL_POSITION_NED,,,,,,,,,,,,,,-0.021500228,-0.099225596,-0.044851243,,,,
1771213878,SERVO_OUTPUT_RAW,,,,0,0,0,0,,,,,,,,,,,,,
1771213879,ATTITUDE,,,,,,,,,0.010747875,-0.013580558,-0.145668507,4.97E-05,,,,,,,,
1771213879,ATTITUDE,,,,,,,,,0.01056099,-0.013559676,-0.145499915,0.001336997,,,,,,,,
1771213879,ATTITUDE,,,,,,,,,0.010446199,-0.013510764,-0.145403311,0.000914476,,,,,,,,
1771213879,BATTERY_STATUS,12.618,0,100,,,,,,,,,,,,,,,,,
1771213879,ATTITUDE,,,,,,,,,0.010382653,-0.013430223,-0.145408615,-0.000247666,,,,,,,,
1771213880,ATTITUDE,,,,,,,,,0.010286673,-0.013390834,-0.145381555,0.000547164,,,,,,,,
1771213880,ATTITUDE,,,,,,,,,0.010181463,-0.013344117,-0.145365939,0.001568255,,,,,,,,
1771213880,ATTITUDE,,,,,,,,,0.010021169,-0.013272364,-0.145336792,-0.000212896,,,,,,,,
1771213880,ATTITUDE,,,,,,,,,0.009889331,-0.013231262,-0.145337954,0.000189641,,,,,,,,
1771213880,ATTITUDE,,,,,,,,,0.009942889,-0.01323052,-0.145260006,0.001215331,,,,,,,,
1771213881,ATTITUDE,,,,,,,,,0.010099033,-0.013237528,-0.145247847,-0.000161736,,,,,,,,
1771213881,ATTITUDE,,,,,,,,,0.010207231,-0.013271789,-0.145228207,0.000618683,,,,,,,,
1771213881,VIBRATION,,,,,,,,,,,,,,,,,1.20E-11,0.002304062,0.031075925,
1771213881,ATTITUDE,,,,,,,,,0.010293785,-0.013241533,-0.145198002,0.000591128,,,,,,,,
1771213881,ATTITUDE,,,,,,,,,0.010341777,-0.01325707,-0.145124346,0.001330127,,,,,,,,
1771213882,ATTITUDE,,,,,,,,,0.0104349,-0.013280501,-0.145037755,-0.000485391,,,,,,,,
1771213882,ATTITUDE,,,,,,,,,0.010591179,-0.013333262,-0.145037651,0.00012749,,,,,,,,
1771213882,ALTITUDE,,,,,,,,580.6312256,,,,,,,,,,,,
1771213882,LOCAL_POSITION_NED,,,,,,,,,,,,,,-0.022765445,-0.102589637,-0.07740581,,,,
1771213882,SERVO_OUTPUT_RAW,,,,0,0,0,0,,,,,,,,,,,,,
1771213882,ATTITUDE,,,,,,,,,0.010645952,-0.013289643,-0.144981325,0.000940288,,,,,,,,
1771213882,ATTITUDE,,,,,,,,,0.010716546,-0.013186709,-0.144954383,-0.000733614,,,,,,,,
1771213882,ATTITUDE,,,,,,,,,0.010711059,-0.013159016,-0.144931138,-0.00023206,,,,,,,,
1771213883,ATTITUDE,,,,,,,,,0.010771512,-0.013171399,-0.144898802,0.000389187,,,,,,,,
1771213883,ATTITUDE,,,,,,,,,0.01076232,-0.013104987,-0.144898176,0.001092196,,,,,,,,
1771213883,ATTITUDE,,,,,,,,,0.010664105,-0.01307849,-0.144935906,0.000995991,,,,,,,,
1771213883,ATTITUDE,,,,,,,,,0.010591587,-0.013108885,-0.144902065,1.87E-05,,,,,,,,
1771213884,ATTITUDE,,,,,,,,,0.01050764,-0.013099625,-0.144904658,-0.000882016,,,,,,,,
1771213884,ATTITUDE,,,,,,,,,0.010406527,-0.013000282,-0.144806638,-0.000269028,,,,,,,,
1771213884,ATTITUDE,,,,,,,,,0.010292913,-0.012983008,-0.144744143,0.002195611,,,,,,,,
1771213884,ATTITUDE,,,,,,,,,0.010134083,-0.012921419,-0.144683912,-0.000393481,,,,,,,,
1771213885,ATTITUDE,,,,,,,,,0.009990661,-0.012853388,-0.144669503,0.000517744,,,,,,,,
1771213885,ATTITUDE,,,,,,,,,0.009849622,-0.012799897,-0.144668475,-0.000329417,,,,,,,,
1771213885,ATTITUDE,,,,,,,,,0.009759817,-0.01275007,-0.144659519,-0.000652242,,,,,,,,
1771213885,ATTITUDE,,,,,,,,,0.00963937,-0.012744877,-0.144609928,0.001013835,,,,,,,,
1771213885,ALTITUDE,,,,,,,,580.7342529,,,,,,,,,,,,
1771213885,LOCAL_POSITION_NED,,,,,,,,,,,,,,-0.024104813,-0.102915287,-0.069838323,,,,
1771213885,SERVO_OUTPUT_RAW,,,,0,0,0,0,,,,,,,,,,,,,
1771213886,ATTITUDE,,,,,,,,,0.009570195,-0.012712481,-0.144490004,0.000990963,,,,,,,,
1771213886,ATTITUDE,,,,,,,,,0.009424523,-0.012634458,-0.144513652,0.000668884,,,,,,,,
1771213886,ATTITUDE,,,,,,,,,0.00929804,-0.012661352,-0.144536197,-0.000613072,,,,,,,,
1771213886,BATTERY_STATUS,12.607,0,100,,,,,,,,,,,,,,,,,
1771213886,ATTITUDE,,,,,,,,,0.009227066,-0.012641557,-0.144543082,0.001098222,,,,,,,,
1771213886,ATTITUDE,,,,,,,,,0.009070287,-0.012593541,-0.144537926,-0.0001473,,,,,,,,
1771213887,ATTITUDE,,,,,,,,,0.008955689,-0.012588682,-0.144482389,0.000252308,,,,,,,,
1771213887,ATTITUDE,,,,,,,,,0.008865655,-0.012578361,-0.144443065,-0.00031748,,,,,,,,
1771213887,ATTITUDE,,,,,,,,,0.008870141,-0.012518344,-0.144401327,-0.000619639,,,,,,,,
1771213887,ATTITUDE,,,,,,,,,0.008858263,-0.012467638,-0.144354984,0.002358878,,,,,,,,
1771213888,ATTITUDE,,,,,,,,,0.009004783,-0.012373261,-0.144306004,0.000541929,,,,,,,,
1771213888,ATTITUDE,,,,,,,,,0.009132924,-0.012283184,-0.144261301,-0.000758032,,,,,,,,
1771213888,ATTITUDE,,,,,,,,,0.009296854,-0.01223215,-0.144306242,0.000640672,,,,,,,,
1771213888,ATTITUDE,,,,,,,,,0.009478554,-0.012212321,-0.144278288,-0.000776754,,,,,,,,
1771213889,ATTITUDE,,,,,,,,,0.009602433,-0.012144343,-0.144270152,-0.000339627,,,,,,,,
1771213889,ATTITUDE,,,,,,,,,0.009749116,-0.012101446,-0.144288883,0.000672973,,,,,,,,
1771213889,ALTITUDE,,,,,,,,580.0340576,,,,,,,,,,,,
1771213889,LOCAL_POSITION_NED,,,,,,,,,,,,,,-0.025004126,-0.104215004,0.006636298,,,,
1771213889,SERVO_OUTPUT_RAW,,,,0,0,0,0,,,,,,,,,,,,,
1771213889,ATTITUDE,,,,,,,,,0.009865451,-0.012058767,-0.144290969,0.000859296,,,,,,,,
1771213889,ATTITUDE,,,,,,,,,0.009978448,-0.012120795,-0.144255444,-0.000286492,,,,,,,,
1771213889,ATTITUDE,,,,,,,,,0.01002746,-0.012367818,-0.144258603,-0.001152841,,,,,,,,
1771213890,ATTITUDE,,,,,,,,,0.010066716,-0.012540155,-0.144240618,0.000489225,,,,,,,,
1771213890,ATTITUDE,,,,,,,,,0.010148909,-0.012813714,-0.144268334,0.000527419,,,,,,,,
1771213890,ATTITUDE,,,,,,,,,0.010132987,-0.013058631,-0.144242436,-0.000901191,,,,,,,,
1771213890,ATTITUDE,,,,,,,,,0.01011726,-0.013264255,-0.144275308,-0.000668397,,,,,,,,
1771213891,ATTITUDE,,,,,,,,,0.010084198,-0.013454559,-0.144339368,0.00063641,,,,,,,,
1771213891,ATTITUDE,,,,,,,,,0.01003016,-0.013642018,-0.14431937,0.000785978,,,,,,,,
1771213891,ATTITUDE,,,,,,,,,0.009951961,-0.013826328,-0.14432241,0.000555161,,,,,,,,
1771213891,ATTITUDE,,,,,,,,,0.00989661,-0.01399809,-0.144323155,-7.22E-05,,,,,,,,
1771213892,ATTITUDE,,,,,,,,,0.009792645,-0.014063315,-0.144388407,0.000217435,,,,,,,,
1771213892,ATTITUDE,,,,,,,,,0.009679846,-0.014174384,-0.144457996,0.00095882,,,,,,,,
1771213892,ATTITUDE,,,,,,,,,0.009626419,-0.014211291,-0.144490093,0.001174602,,,,,,,,
1771213892,ATTITUDE,,,,,,,,,0.009548639,-0.014310213,-0.144597769,6.93E-05,,,,,,,,
1771213892,ALTITUDE,,,,,,,,580.5678101,,,,,,,,,,,,
1771213892,LOCAL_POSITION_NED,,,,,,,,,,,,,,-0.017271493,-0.104640082,0.025194304,,,,
1771213892,SERVO_OUTPUT_RAW,,,,0,0,0,0,,,,,,,,,,,,,
1771213892,ATTITUDE,,,,,,,,,0.009516484,-0.014253656,-0.144692421,-0.001328678,,,,,,,,
1771213893,ATTITUDE,,,,,,,,,0.009476623,-0.014307711,-0.144749939,0.001161672,,,,,,,,
1771213893,ATTITUDE,,,,,,,,,0.00945095,-0.014348577,-0.144803613,0.000430011,,,,,,,,
1771213893,BATTERY_STATUS,12.617,0,100,,,,,,,,,,,,,,,,,
1771213893,ATTITUDE,,,,,,,,,0.00938437,-0.014442631,-0.144911572,-0.000942169,,,,,,,,
1771213893,ATTITUDE,,,,,,,,,0.009292116,-0.014454992,-0.145035177,-0.000767723,,,,,,,,
1771213894,ATTITUDE,,,,,,,,,0.009263945,-0.014527151,-0.14506048,-0.000660984,,,,,,,,
1771213894,ATTITUDE,,,,,,,,,0.009170501,-0.014586088,-0.145043224,0.000624111,,,,,,,,
1771213894,ATTITUDE,,,,,,,,,0.00904089,-0.014573146,-0.145091861,0.000203087,,,,,,,,
1771213894,ATTITUDE,,,,,,,,,0.008957352,-0.014609953,-0.145066485,0.001297059,,,,,,,,
1771213895,ATTITUDE,,,,,,,,,0.008854104,-0.014793997,-0.145056486,2.17E-05,,,,,,,,
1771213895,ATTITUDE,,,,,,,,,0.008776469,-0.015065594,-0.145172983,-0.00016484,,,,,,,,
1771213895,ATTITUDE,,,,,,,,,0.008797024,-0.015347099,-0.145266876,-0.000534207,,,,,,,,
1771213895,ATTITUDE,,,,,,,,,0.008714702,-0.015563243,-0.145364076,-0.000111845,,,,,,,,
1771213895,ATTITUDE,,,,,,,,,0.008876009,-0.015783845,-0.145407706,-0.000180234,,,,,,,,
1771213896,ATTITUDE,,,,,,,,,0.008986262,-0.015958063,-0.1454992,0.000190329,,,,,,,,
1771213896,ALTITUDE,,,,,,,,580.7606812,,,,,,,,,,,,
1771213896,LOCAL_POSITION_NED,,,,,,,,,,,,,,-0.015819386,-0.106468178,0.00255159,,,,
1771213896,SERVO_OUTPUT_RAW,,,,0,0,0,0,,,,,,,,,,,,,
1771213896,ATTITUDE,,,,,,,,,0.009125584,-0.01609865,-0.145552859,-0.000350747,,,,,,,,
1771213896,ATTITUDE,,,,,,,,,0.009170921,-0.0162203,-0.145563856,0.000212816,,,,,,,,
1771213896,ATTITUDE,,,,,,,,,0.009258141,-0.016350295,-0.145614013,-1.82E-05,,,,,,,,
1771213897,ATTITUDE,,,,,,,,,0.009349907,-0.016388541,-0.145721599,-0.000303294,,,,,,,,
1771213897,ATTITUDE,,,,,,,,,0.009441106,-0.016372046,-0.145831123,0.000530506,,,,,,,,
1771213897,ATTITUDE,,,,,,,,,0.00957144,-0.016435552,-0.145951986,-0.000162052,,,,,,,,
1771213897,ATTITUDE,,,,,,,,,0.009589515,-0.016474707,-0.146046028,0.001445702,,,,,,,,
1771213898,ATTITUDE,,,,,,,,,0.009601846,-0.016567016,-0.146107495,-0.000243368,,,,,,,,
1771213898,ATTITUDE,,,,,,,,,0.009548079,-0.016578427,-0.146106824,-4.31E-06,,,,,,,,
1771213898,ATTITUDE,,,,,,,,,0.009479139,-0.016529927,-0.146093205,5.07E-06,,,,,,,,
1771213898,ATTITUDE,,,,,,,,,0.009401402,-0.016555762,-0.146227434,-0.000210008,,,,,,,,
1771213898,ATTITUDE,,,,,,,,,0.00941169,-0.016508667,-0.146293819,0.000494556,,,,,,,,
1771213899,ATTITUDE,,,,,,,,,0.009422127,-0.016514624,-0.146311685,-0.000670256,,,,,,,,
1771213899,ATTITUDE,,,,,,,,,0.009391147,-0.016484573,-0.146351352,0.001362038,,,,,,,,
1771213899,ATTITUDE,,,,,,,,,0.009424243,-0.016470812,-0.146389619,-0.000197799,,,,,,,,
1771213899,ALTITUDE,,,,,,,,580.2956543,,,,,,,,,,,,
1771213899,LOCAL_POSITION_NED,,,,,,,,,,,,,,-0.013343514,-0.104776919,0.003772814,,,,
1771213899,SERVO_OUTPUT_RAW,,,,0,0,0,0,,,,,,,,,,,,,
1771213899,ATTITUDE,,,,,,,,,0.009420537,-0.01639564,-0.146457464,-0.001536062,,,,,,,,
1771213900,ATTITUDE,,,,,,,,,0.009377735,-0.016261632,-0.146436468,0.000230348,,,,,,,,
1771213900,ATTITUDE,,,,,,,,,0.009368462,-0.016156318,-0.146469638,0.000225435,,,,,,,,
1771213900,BATTERY_STATUS,12.61,0,100,,,,,,,,,,,,,,,,,
1771213900,ATTITUDE,,,,,,,,,0.009281154,-0.01607676,-0.146534935,-0.000627303,,,,,,,,
1771213900,ATTITUDE,,,,,,,,,0.009206914,-0.01602949,-0.146564186,-0.000985427,,,,,,,,
1771213901,ATTITUDE,,,,,,,,,0.009114093,-0.015958507,-0.146520779,-0.000411127,,,,,,,,
1771213901,ATTITUDE,,,,,,,,,0.008897377,-0.015877193,-0.146441162,0.000232963,,,,,,,,
1771213901,ATTITUDE,,,,,,,,,0.00879894,-0.015801897,-0.146431446,6.15E-05,,,,,,,,
1771213901,ATTITUDE,,,,,,,,,0.008697052,-0.015715146,-0.146424875,-0.000182856,,,,,,,,
1771213901,ATTITUDE,,,,,,,,,0.008639932,-0.015626252,-0.146382645,0.000374444,,,,,,,,
1771213902,ATTITUDE,,,,,,,,,0.008618035,-0.015590099,-0.146360055,-0.000695458,,,,,,,,
1771213902,ATTITUDE,,,,,,,,,0.008454549,-0.015543675,-0.146345913,5.40E-05,,,,,,,,
1771213902,ATTITUDE,,,,,,,,,0.008392852,-0.015503734,-0.146364495,-0.001025387,,,,,,,,
1771213902,ATTITUDE,,,,,,,,,0.008246469,-0.015388388,-0.146403387,-0.000611803,,,,,,,,
1771213903,ATTITUDE,,,,,,,,,0.008158914,-0.015339324,-0.146350518,0.000850523,,,,,,,,
1771213903,ALTITUDE,,,,,,,,580.2454834,,,,,,,,,,,,
1771213903,LOCAL_POSITION_NED,,,,,,,,,,,,,,-0.018901793,-0.107434586,0.061629854,,,,
1771213903,SERVO_OUTPUT_RAW,,,,0,0,0,0,,,,,,,,,,,,,
1771213903,ATTITUDE,,,,,,,,,0.00804442,-0.015312118,-0.146354973,-0.000742838,,,,,,,,
1771213903,ATTITUDE,,,,,,,,,0.007922792,-0.015276469,-0.146465868,0.001531041,,,,,,,,
1771213903,ATTITUDE,,,,,,,,,0.007807534,-0.015102801,-0.146503955,0.000420242,,,,,,,,
1771213904,ATTITUDE,,,,,,,,,0.007650821,-0.015000495,-0.146513179,-0.000155291,,,,,,,,
1771213904,ATTITUDE,,,,,,,,,0.007530818,-0.014934978,-0.14658986,-0.00028631,,,,,,,,
1771213904,ATTITUDE,,,,,,,,,0.007601399,-0.0148697,-0.146592349,0.000320568,,,,,,,,
1771213904,ATTITUDE,,,,,,,,,0.007766415,-0.014785153,-0.146609113,-0.000378394,,,,,,,,
1771213905,ATTITUDE,,,,,,,,,0.007903489,-0.014751421,-0.146724507,-0.001267626,,,,,,,,
1771213905,ATTITUDE,,,,,,,,,0.008096639,-0.014749005,-0.146785229,-0.000589587,,,,,,,,
1771213905,ATTITUDE,,,,,,,,,0.008189169,-0.014658933,-0.146828488,-0.000836008,,,,,,,,
1771213905,ATTITUDE,,,,,,,,,0.008360737,-0.0145962,-0.146747738,0.000400843,,,,,,,,
1771213905,ATTITUDE,,,,,,,,,0.008539073,-0.01449879,-0.146742597,-0.000572836,,,,,,,,
1771213906,ATTITUDE,,,,,,,,,0.008614614,-0.014431701,-0.146677658,-0.000120687,,,,,,,,
1771213906,ATTITUDE,,,,,,,,,0.008617363,-0.014325727,-0.146682724,-0.001141633,,,,,,,,
1771213906,ATTITUDE,,,,,,,,,0.00864786,-0.014281977,-0.14669621,-0.000920022,,,,,,,,
1771213906,ALTITUDE,,,,,,,,581.5031738,,,,,,,,,,,,
1771213906,LOCAL_POSITION_NED,,,,,,,,,,,,,,-0.020286566,-0.104881957,0.056110196,,,,
1771213906,SERVO_OUTPUT_RAW,,,,0,0,0,0,,,,,,,,,,,,,
1771213906,ATTITUDE,,,,,,,,,0.008699395,-0.01419914,-0.146633789,0.000727572,,,,,,,,
1771213907,ATTITUDE,,,,,,,,,0.008715492,-0.014141404,-0.146567211,-0.000452967,,,,,,,,
1771213907,ATTITUDE,,,,,,,,,0.008763935,-0.014090539,-0.146468073,-0.000124708,,,,,,,,
1771213907,BATTERY_STATUS,12.615,0,100,,,,,,,,,,,,,,,,,
1771213907,ATTITUDE,,,,,,,,,0.008794064,-0.014046339,-0.146414742,0.000130605,,,,,,,,
1771213907,ATTITUDE,,,,,,,,,0.00881108,-0.014037681,-0.146401227,-0.001278711,,,,,,,,
1771213908,ATTITUDE,,,,,,,,,0.008799486,-0.01399,-0.146449327,0.000213716,,,,,,,,
1771213908,ATTITUDE,,,,,,,,,0.008725669,-0.013998325,-0.146352798,-0.001158132,,,,,,,,
1771213908,ATTITUDE,,,,,,,,,0.008713273,-0.013934764,-0.146276176,-5.69E-06,,,,,,,,
1771213908,ATTITUDE,,,,,,,,,0.008690604,-0.013901054,-0.146203786,-0.000337972,,,,,,,,
1771213909,ATTITUDE,,,,,,,,,0.008693783,-0.013874519,-0.146150857,-0.000524429,,,,,,,,
1771213909,ATTITUDE,,,,,,,,,0.008608248,-0.01381679,-0.14613454,-0.001241675,,,,,,,,
1771213909,ATTITUDE,,,,,,,,,0.008622984,-0.0137822,-0.146191552,-0.000698359,,,,,,,,
1771213909,ATTITUDE,,,,,,,,,0.00856566,-0.013650362,-0.146106437,-0.000752523,,,,,,,,
1771213909,ATTITUDE,,,,,,,,,0.00856059,-0.013619533,-0.14611578,6.65E-05,,,,,,,,
1771213910,ATTITUDE,,,,,,,,,0.00853612,-0.013570338,-0.146140069,-0.001065471,,,,,,,,
1771213910,ALTITUDE,,,,,,,,581.7753296,,,,,,,,,,,,
1771213910,LOCAL_POSITION_NED,,,,,,,,,,,,,,-0.020208739,-0.105200246,0.013155321,,,,
1771213910,SERVO_OUTPUT_RAW,,,,0,0,0,0,,,,,,,,,,,,,
1771213910,ATTITUDE,,,,,,,,,0.008480184,-0.013476461,-0.146121532,-0.000416106,,,,,,,,
1771213910,ATTITUDE,,,,,,,,,0.008417718,-0.013417776,-0.146137223,0.000512356,,,,,,,,
1771213910,ATTITUDE,,,,,,,,,0.008275397,-0.013388844,-0.146091253,0.000448491,,,,,,,,
1771213911,ATTITUDE,,,,,,,,,0.008273837,-0.013390577,-0.146130964,-0.00042859,,,,,,,,
1771213911,ATTITUDE,,,,,,,,,0.00817694,-0.013329894,-0.146179557,-0.001123066,,,,,,,,
1771213911,ATTITUDE,,,,,,,,,0.008104295,-0.013288942,-0.146089524,0.000304289,,,,,,,,
1771213911,ATTITUDE,,,,,,,,,0.008011436,-0.013281979,-0.146087557,0.000261474,,,,,,,,
1771213912,ATTITUDE,,,,,,,,,0.007976816,-0.013252339,-0.146096677,0.000384084,,,,,,,,
1771213912,ATTITUDE,,,,,,,,,0.007910669,-0.013258986,-0.146067023,-0.000318316,,,,,,,,
1771213912,ATTITUDE,,,,,,,,,0.007801274,-0.013250508,-0.146059811,-6.09E-05,,,,,,,,
1771213912,ATTITUDE,,,,,,,,,0.00772394,-0.013181426,-0.146119654,-0.00066985,,,,,,,,
1771213912,ATTITUDE,,,,,,,,,0.007695581,-0.013139045,-0.146121904,-0.001318402,,,,,,,,
1771213913,ATTITUDE,,,,,,,,,0.007650211,-0.013045664,-0.146136388,-0.000966695,,,,,,,,
1771213913,ATTITUDE,,,,,,,,,0.007616526,-0.012998373,-0.146114454,0.000284102,,,,,,,,
1771213913,ATTITUDE,,,,,,,,,0.007564318,-0.01295196,-0.146098211,-0.001030681,,,,,,,,
1771213913,ALTITUDE,,,,,,,,580.4647827,,,,,,,,,,,,
1771213913,LOCAL_POSITION_NED,,,,,,,,,,,,,,-0.022514854,-0.107727699,-0.022482654,,,,
1771213913,SERVO_OUTPUT_RAW,,,,0,0,0,0,,,,,,,,,,,,,
1771213913,ATTITUDE,,,,,,,,,0.007615851,-0.012873202,-0.146078542,-0.000569877,,,,,,,,
1771213914,ATTITUDE,,,,,,,,,0.007745104,-0.01279767,-0.146062925,-0.000471364,,,,,,,,
1771213914,ATTITUDE,,,,,,,,,0.008027031,-0.012725251,-0.146063313,-0.000506098,,,,,,,,
1771213914,BATTERY_STATUS,12.607,0,100,,,,,,,,,,,,,,,,,
1771213914,ATTITUDE,,,,,,,,,0.008162747,-0.012679387,-0.146050751,0.001660426,,,,,,,,
1771213914,ATTITUDE,,,,,,,,,0.008304346,-0.012653565,-0.146075472,-0.000461756,,,,,,,,
1771213914,ATTITUDE,,,,,,,,,0.008392651,-0.01265857,-0.146066234,4.92E-05,,,,,,,,
1771213915,ATTITUDE,,,,,,,,,0.008455171,-0.012644187,-0.146120191,-8.70E-05,,,,,,,,
1771213915,ATTITUDE,,,,,,,,,0.008525128,-0.012594981,-0.146145165,-0.000419786,,,,,,,,
1771213915,ATTITUDE,,,,,,,,,0.0085581,-0.012548515,-0.146089569,-0.001243676,,,,,,,,
1771213915,ATTITUDE,,,,,,,,,0.00857129,-0.012530965,-0.146013469,0.001063623,,,,,,,,
1771213916,ATTITUDE,,,,,,,,,0.008651355,-0.012477907,-0.145825267,0.001990948,,,,,,,,
1771213916,VIBRATION,,,,,,,,,,,,,,,,,1.47E-11,0.002323274,0.029545682,
1771213916,ATTITUDE,,,,,,,,,0.00868313,-0.012492696,-0.145675927,9.02E-05,,,,,,,,
1771213916,ATTITUDE,,,,,,,,,0.008755133,-0.012381777,-0.145570859,0.00101012,,,,,,,,
1771213916,ATTITUDE,,,,,,,,,0.008796608,-0.01231779,-0.145473257,-0.000418375,,,,,,,,
1771213917,ATTITUDE,,,,,,,,,0.008805327,-0.012271176,-0.145497754,0.000993053,,,,,,,,
1771213917,ALTITUDE,,,,,,,,580.5598755,,,,,,,,,,,,
1771213917,LOCAL_POSITION_NED,,,,,,,,,,,,,,-0.022129437,-0.103253536,-0.002688149,,,,
1771213917,SERVO_OUTPUT_RAW,,,,0,0,0,0,,,,,,,,,,,,,
1771213917,ATTITUDE,,,,,,,,,0.008786367,-0.012159788,-0.145514414,0.001381448,,,,,,,,
1771213917,ATTITUDE,,,,,,,,,0.008770319,-0.012133358,-0.145492896,0.000252342,,,,,,,,
1771213917,ATTITUDE,,,,,,,,,0.008737243,-0.012043972,-0.145477548,0.000581298,,,,,,,,
1771213918,ATTITUDE,,,,,,,,,0.008743148,-0.012013472,-0.145418897,0.000551506,,,,,,,,
1771213918,ATTITUDE,,,,,,,,,0.008679124,-0.011970912,-0.145322755,-0.000454458,,,,,,,,
1771213918,ATTITUDE,,,,,,,,,0.00869651,-0.012009952,-0.145305738,0.001589256,,,,,,,,
1771213918,ATTITUDE,,,,,,,,,0.008679856,-0.012050695,-0.145257562,-0.000534395,,,,,,,,
1771213919,ATTITUDE,,,,,,,,,0.008657608,-0.012110326,-0.145226032,1.66E-05,,,,,,,,
1771213919,ATTITUDE,,,,,,,,,0.008620024,-0.012115184,-0.145232379,-0.000422428,,,,,,,,
1771213919,ATTITUDE,,,,,,,,,0.008591335,-0.012172887,-0.145230874,1.67E-05,,,,,,,,
1771213919,ATTITUDE,,,,,,,,,0.008544803,-0.012139496,-0.145261228,0.001534001,,,,,,,,
1771213919,ATTITUDE,,,,,,,,,0.008481447,-0.012063813,-0.145264685,0.001487584,,,,,,,,
1771213920,ATTITUDE,,,,,,,,,0.008411059,-0.012003532,-0.145255163,0.00116526,,,,,,,,
1771213920,ATTITUDE,,,,,,,,,0.008299854,-0.011943927,-0.145184293,0.000546353,,,,,,,,
1771213920,ATTITUDE,,,,,,,,,0.008175692,-0.011944572,-0.145204186,-0.001209162,,,,,,,,
1771213920,ALTITUDE,,,,,,,,580.1899414,,,,,,,,,,,,
1771213920,LOCAL_POSITION_NED,,,,,,,,,,,,,,-0.023072347,-0.105336413,0.073880889,,,,
1771213920,SERVO_OUTPUT_RAW,,,,0,0,0,0,,,,,,,,,,,,,
1771213920,ATTITUDE,,,,,,,,,0.008152196,-0.01194396,-0.145273328,0.000701994,,,,,,,,
1771213921,ATTITUDE,,,,,,,,,0.008075063,-0.012142483,-0.14522621,0.000260816,,,,,,,,
1771213921,ATTITUDE,,,,,,,,,0.00802822,-0.012359437,-0.145229489,0.001022471,,,,,,,,
1771213921,BATTERY_STATUS,12.603,0,100,,,,,,,,,,,,,,,,,
1771213921,ATTITUDE,,,,,,,,,0.007949464,-0.012660946,-0.145211354,0.000290338,,,,,,,,
1771213921,ATTITUDE,,,,,,,,,0.007885529,-0.012850248,-0.145073295,0.000556503,,,,,,,,
1771213921,ATTITUDE,,,,,,,,,0.007854381,-0.013027513,-0.145071611,0.001716945,,,,,,,,
1771213922,ATTITUDE,,,,,,,,,0.007748024,-0.013209329,-0.145108968,0.001353892,,,,,,,,
1771213922,ATTITUDE,,,,,,,,,0.007667948,-0.01334114,-0.14519234,0.001121132,,,,,,,,
1771213922,ATTITUDE,,,,,,,,,0.007667062,-0.013471522,-0.14519833,0.001250112,,,,,,,,
1771213922,ATTITUDE,,,,,,,,,0.007620836,-0.013559354,-0.145161435,0.001471451,,,,,,,,
1771213923,ATTITUDE,,,,,,,,,0.007597022,-0.013679045,-0.145255014,4.95E-05,,,,,,,,
1771213923,ATTITUDE,,,,,,,,,0.007566106,-0.013770661,-0.145314276,0.000295562,,,,,,,,
1771213923,ATTITUDE,,,,,,,,,0.007452906,-0.013815415,-0.145480603,0.000251825,,,,,,,,
1771213923,ATTITUDE,,,,,,,,,0.007389924,-0.013875428,-0.145553157,-0.000728339,,,,,,,,
1771213924,ATTITUDE,,,,,,,,,0.007361002,-0.013934382,-0.145551801,0.00134478,,,,,,,,
1771213924,ALTITUDE,,,,,,,,580.3775635,,,,,,,,,,,,
1771213924,LOCAL_POSITION_NED,,,,,,,,,,,,,,-0.017962314,-0.109452493,0.115720637,,,,
1771213924,SERVO_OUTPUT_RAW,,,,0,0,0,0,,,,,,,,,,,,,
1771213924,ATTITUDE,,,,,,,,,0.007392021,-0.013969899,-0.14565146,0.000589683,,,,,,,,
1771213924,ATTITUDE,,,,,,,,,0.007544656,-0.014006149,-0.145741791,-0.000145956,,,,,,,,
1771213924,ATTITUDE,,,,,,,,,0.007754684,-0.014003315,-0.145789683,1.99E-05,,,,,,,,
1771213925,ATTITUDE,,,,,,,,,0.008003774,-0.013978774,-0.145798787,-0.000250849,,,,,,,,
1771213925,ATTITUDE,,,,,,,,,0.008224278,-0.0140136,-0.145848647,0.000215695,,,,,,,,
1771213925,ATTITUDE,,,,,,,,,0.008367234,-0.014048563,-0.145909742,3.22E-05,,,,,,,,
1771213925,ATTITUDE,,,,,,,,,0.008443608,-0.014016473,-0.146010965,0.001782603,,,,,,,,
1771213925,ATTITUDE,,,,,,,,,0.008505928,-0.013962237,-0.146219715,-0.000992643,,,,,,,,
1771213926,ATTITUDE,,,,,,,,,0.008489907,-0.013966217,-0.146413624,-0.000759073,,,,,,,,
1771213926,ATTITUDE,,,,,,,,,0.008577376,-0.014040353,-0.146493793,-0.00021189,,,,,,,,
1771213926,ATTITUDE,,,,,,,,,0.008591616,-0.013992435,-0.146492675,-0.000589823,,,,,,,,
1771213926,ATTITUDE,,,,,,,,,0.008565104,-0.01401158,-0.146475732,-0.00090545,,,,,,,,
1771213927,ATTITUDE,,,,,,,,,0.008577378,-0.014025128,-0.146533713,-0.000794226,,,,,,,,
1771213927,ATTITUDE,,,,,,,,,0.008585781,-0.014071522,-0.146653727,-0.001478304,,,,,,,,
1771213927,ATTITUDE,,,,,,,,,0.008653605,-0.014043031,-0.146639869,-5.21E-05,,,,,,,,
1771213927,ALTITUDE,,,,,,,,580.319458,,,,,,,,,,,,
1771213927,LOCAL_POSITION_NED,,,,,,,,,,,,,,-0.018658878,-0.103427619,0.182874292,,,,
1771213927,SERVO_OUTPUT_RAW,,,,0,0,0,0,,,,,,,,,,,,,
1771213927,ATTITUDE,,,,,,,,,0.008674287,-0.014050156,-0.146598563,-0.00145019,,,,,,,,
1771213927,ATTITUDE,,,,,,,,,0.008588935,-0.013986381,-0.146455958,-0.000725265,,,,,,,,
1771213928,ATTITUDE,,,,,,,,,0.008529584,-0.014040326,-0.146444693,-0.000590416,,,,,,,,
1771213928,BATTERY_STATUS,12.61,0,100,,,,,,,,,,,,,,,,,
1771213928,ATTITUDE,,,,,,,,,0.008504242,-0.014032894,-0.146472186,-0.001164128,,,,,,,,
1771213928,ATTITUDE,,,,,,,,,0.008435609,-0.013996297,-0.146516368,-0.000650769,,,,,,,,
1771213928,ATTITUDE,,,,,,,,,0.008429369,-0.013989694,-0.14659436,-0.001792112,,,,,,,,
1771213929,ATTITUDE,,,,,,,,,0.008372726,-0.013986171,-0.146637559,-0.001537753,,,,,,,,
1771213929,ATTITUDE,,,,,,,,,0.008280954,-0.013987805,-0.146599546,0.000374227,,,,,,,,
1771213929,ATTITUDE,,,,,,,,,0.008269033,-0.013901376,-0.14662379,-0.00131744,,,,,,,,
1771213929,ATTITUDE,,,,,,,,,0.008240853,-0.013888105,-0.146700352,-7.62E-05,,,,,,,,
1771213930,ATTITUDE,,,,,,,,,0.008229421,-0.013789021,-0.146722347,-0.001713119,,,,,,,,
1771213930,ATTITUDE,,,,,,,,,0.00813612,-0.013678004,-0.146769986,0.000983851,,,,,,,,
1771213930,ATTITUDE,,,,,,,,,0.008125219,-0.01364434,-0.146820739,1.87E-05,,,,,,,,
1771213930,ATTITUDE,,,,,,,,,0.008108396,-0.013548646,-0.146796778,-0.001082914,,,,,,,,
1771213931,ATTITUDE,,,,,,,,,0.008072668,-0.013448441,-0.146808341,-0.000617624,,,,,,,,
1771213931,ALTITUDE,,,,,,,,580.6127319,,,,,,,,,,,,
1771213931,LOCAL_POSITION_NED,,,,,,,,,,,,,,-0.019733459,-0.106339701,0.137679741,,,,
1771213931,SERVO_OUTPUT_RAW,,,,0,0,0,0,,,,,,,,,,,,,
1771213931,ATTITUDE,,,,,,,,,0.007995115,-0.01333166,-0.146830782,-0.001326361,,,,,,,,
1771213931,ATTITUDE,,,,,,,,,0.007931064,-0.013258088,-0.146736667,-0.000313538,,,,,,,,
1771213931,ATTITUDE,,,,,,,,,0.00785372,-0.013195163,-0.146770149,-0.000896262,,,,,,,,
1771213932,ATTITUDE,,,,,,,,,0.007807449,-0.013159398,-0.14680323,-0.000732831,,,,,,,,
1771213932,ATTITUDE,,,,,,,,,0.007749082,-0.013132635,-0.146823779,-0.00034164,,,,,,,,
1771213932,ATTITUDE,,,,,,,,,0.007713065,-0.013101204,-0.146775648,-7.89E-05,,,,,,,,
1771213932,ATTITUDE,,,,,,,,,0.007676336,-0.013127406,-0.146768048,-0.001004711,,,,,,,,
1771213932,ATTITUDE,,,,,,,,,0.007574611,-0.013077591,-0.146792769,-0.000561983,,,,,,,,
1771213933,ATTITUDE,,,,,,,,,0.007528857,-0.013014296,-0.146768674,0.000209341,,,,,,,,
1771213933,ATTITUDE,,,,,,,,,0.007439792,-0.012952215,-0.146683455,-0.001611136,,,,,,,,
1771213933,ATTITUDE,,,,,,,,,0.007456356,-0.012853311,-0.146779031,8.98E-05,,,,,,,,
1771213933,ATTITUDE,,,,,,,,,0.007375617,-0.012834392,-0.146835506,-0.000783964,,,,,,,,
1771213934,ATTITUDE,,,,,,,,,0.00733676,-0.012756207,-0.146837726,-0.000888416,,,,,,,,
1771213934,ATTITUDE,,,,,,,,,0.007249202,-0.012771929,-0.146811977,-0.000151619,,,,,,,,
1771213934,ATTITUDE,,,,,,,,,0.007238791,-0.012765482,-0.146888345,-0.000974753,,,,,,,,
1771213934,ALTITUDE,,,,,,,,580.4727173,,,,,,,,,,,,
1771213934,LOCAL_POSITION_NED,,,,,,,,,,,,,,-0.022258855,-0.108953528,0.167500407,,,,
1771213934,SERVO_OUTPUT_RAW,,,,0,0,0,0,,,,,,,,,,,,,
1771213934,ATTITUDE,,,,,,,,,0.007255498,-0.012710994,-0.146865085,0.000557621,,,,,,,,
1771213934,ATTITUDE,,,,,,,,,0.007196878,-0.012635105,-0.146852285,-0.001327093,,,,,,,,
1771213935,ATTITUDE,,,,,,,,,0.007176426,-0.012576466,-0.146848649,-0.001839321,,,,,,,,
1771213935,BATTERY_STATUS,12.588,0,100,,,,,,,,,,,,,,,,,
1771213935,ATTITUDE,,,,,,,,,0.007150463,-0.012482763,-0.146810949,-6.31E-05,,,,,,,,
1771213935,ATTITUDE,,,,,,,,,0.00711718,-0.012473501,-0.146828264,-0.00057496,,,,,,,,
1771213935,ATTITUDE,,,,,,,,,0.00709721,-0.012426764,-0.146860957,0.000688193,,,,,,,,
1771213936,ATTITUDE,,,,,,,,,0.007284278,-0.012383318,-0.146897361,2.94E-05,,,,,,,,
1771213936,ATTITUDE,,,,,,,,,0.007477961,-0.012383195,-0.146929383,0.000111351,,,,,,,,
1771213936,ATTITUDE,,,,,,,,,0.007685219,-0.012339247,-0.14696759,-0.000402785,,,,,,,,
1771213936,ATTITUDE,,,,,,,,,0.007835409,-0.012308674,-0.14696008,0.000282496,,,,,,,,
1771213937,ATTITUDE,,,,,,,,,0.007993817,-0.012246329,-0.146944389,-0.001501891,,,,,,,,
1771213937,ATTITUDE,,,,,,,,,0.008101585,-0.012224012,-0.14699699,-0.001065969,,,,,,,,
1771213937,ATTITUDE,,,,,,,,,0.008250147,-0.01219021,-0.147121578,-0.001976169,,,,,,,,
1771213937,ATTITUDE,,,,,,,,,0.008383192,-0.012197506,-0.147109553,-0.00099418,,,,,,,,
1771213937,ATTITUDE,,,,,,,,,0.008530733,-0.012198883,-0.147050738,-0.002044597,,,,,,,,
1771213938,ALTITUDE,,,,,,,,580.0340576,,,,,,,,,,,,
1771213938,LOCAL_POSITION_NED,,,,,,,,,,,,,,-0.021950763,-0.10450919,0.205840498,,,,
1771213938,SERVO_OUTPUT_RAW,,,,0,0,0,0,,,,,,,,,,,,,
1771213938,ATTITUDE,,,,,,,,,0.008631718,-0.012103821,-0.147006065,-0.000836865,,,,,,,,
1771213938,ATTITUDE,,,,,,,,,0.008679552,-0.012088463,-0.147032604,-0.000442168,,,,,,,,
1771213938,ATTITUDE,,,,,,,,,0.00875273,-0.012176696,-0.147100732,-0.000379947,,,,,,,,
1771213938,ATTITUDE,,,,,,,,,0.008817627,-0.012117698,-0.147163436,-0.000378698,,,,,,,,
1771213939,ATTITUDE,,,,,,,,,0.008912316,-0.01214402,-0.147218138,-0.001187999,,,,,,,,
1771213939,ATTITUDE,,,,,,,,,0.008880384,-0.012177277,-0.147082806,-0.001486418,,,,,,,,
1771213939,ATTITUDE,,,,,,,,,0.008871626,-0.012149752,-0.14692837,-0.000158313,,,,,,,,
1771213939,ATTITUDE,,,,,,,,,0.008865995,-0.012176737,-0.146925837,-0.001978799,,,,,,,,
1771213940,ATTITUDE,,,,,,,,,0.008849315,-0.012140656,-0.146985024,-0.000181767,,,,,,,,
1771213940,ATTITUDE,,,,,,,,,0.008822347,-0.012072853,-0.147060484,-0.001143877,,,,,,,,
1771213940,ATTITUDE,,,,,,,,,0.008761315,-0.012002591,-0.147082537,-0.001974701,,,,,,,,
1771213940,ATTITUDE,,,,,,,,,0.008752733,-0.011967693,-0.147034675,0.000349373,,,,,,,,
1771213940,ATTITUDE,,,,,,,,,0.008692069,-0.011912109,-0.146921113,-0.000741963,,,,,,,,
1771213941,ATTITUDE,,,,,,,,,0.008597986,-0.011903762,-0.146990627,-0.000626837,,,,,,,,
1771213941,ATTITUDE,,,,,,,,,0.008501335,-0.011899275,-0.147043571,-0.000851391,,,,,,,,
1771213941,ALTITUDE,,,,,,,,580.7474976,,,,,,,,,,,,
1771213941,LOCAL_POSITION_NED,,,,,,,,,,,,,,-0.021733724,-0.10378129,0.267111361,,,,
1771213941,SERVO_OUTPUT_RAW,,,,0,0,0,0,,,,,,,,,,,,,
1771213941,ATTITUDE,,,,,,,,,0.008408079,-0.011850399,-0.14706552,-0.001739082,,,,,,,,
1771213941,ATTITUDE,,,,,,,,,0.008281292,-0.011815599,-0.147139594,-0.000549401,,,,,,,,
1771213942,ATTITUDE,,,,,,,,,0.008179878,-0.011845594,-0.147119522,-0.000211729,,,,,,,,
1771213942,BATTERY_STATUS,12.6,0,100,,,,,,,,,,,,,,,,,
1771213942,ATTITUDE,,,,,,,,,0.008127228,-0.011749657,-0.147070915,0.000188807,,,,,,,,
1771213942,ATTITUDE,,,,,,,,,0.008063867,-0.011668585,-0.147131473,-0.000360719,,,,,,,,
1771213942,ATTITUDE,,,,,,,,,0.008086289,-0.011591898,-0.14711763,0.000923297,,,,,,,,
1771213943,ATTITUDE,,,,,,,,,0.008092973,-0.011547916,-0.147198051,0.000327633,,,,,,,,
1771213943,ATTITUDE,,,,,,,,,0.00808298,-0.011536789,-0.147167623,-0.001493624,,,,,,,,
1771213943,ATTITUDE,,,,,,,,,0.008073,-0.011527962,-0.147191584,0.000272194,,,,,,,,
1771213943,ATTITUDE,,,,,,,,,0.008069692,-0.011624294,-0.147140801,-0.001293502,,,,,,,,
1771213944,ATTITUDE,,,,,,,,,0.008037067,-0.01161458,-0.147032827,-0.000770264,,,,,,,,
1771213944,ATTITUDE,,,,,,,,,0.00808182,-0.011537549,-0.147038221,-0.002807271,,,,,,,,
1771213944,ATTITUDE,,,,,,,,,0.008035304,-0.011521772,-0.147083342,-0.001314139,,,,,,,,
1771213944,ATTITUDE,,,,,,,,,0.007947768,-0.011560635,-0.147096723,-0.000502233,,,,,,,,
1771213944,ATTITUDE,,,,,,,,,0.007906009,-0.011484518,-0.147108421,-0.001144763,,,,,,,,
1771213945,ALTITUDE,,,,,,,,580.1767578,,,,,,,,,,,,
1771213945,LOCAL_POSITION_NED,,,,,,,,,,,,,,-0.022667713,-0.106956102,0.256245017,,,,
1771213945,SERVO_OUTPUT_RAW,,,,0,0,0,0,,,,,,,,,,,,,
1771213945,ATTITUDE,,,,,,,,,0.007829953,-0.011422197,-0.147108421,-0.001638903,,,,,,,,
1771213945,ATTITUDE,,,,,,,,,0.007762127,-0.011341581,-0.147162482,-0.001215146,,,,,,,,
1771213945,ATTITUDE,,,,,,,,,0.007691039,-0.011253229,-0.14717032,-0.001045872,,,,,,,,
1771213945,ATTITUDE,,,,,,,,,0.007664207,-0.011246621,-0.147083551,0.000308439,,,,,,,,
1771213946,ATTITUDE,,,,,,,,,0.007623653,-0.011179181,-0.14707458,-0.001530423,,,,,,,,
1771213946,ATTITUDE,,,,,,,,,0.007616409,-0.011223305,-0.147081688,-0.001729019,,,,,,,,
1771213946,ATTITUDE,,,,,,,,,0.007616889,-0.011323484,-0.14706856,-0.00073338,,,,,,,,
1771213946,ATTITUDE,,,,,,,,,0.007515671,-0.011617147,-0.147075921,-0.001087015,,,,,,,,
1771213947,ATTITUDE,,,,,,,,,0.007402398,-0.01195063,-0.14703536,-6.43E-05,,,,,,,,
1771213947,ATTITUDE,,,,,,,,,0.007318917,-0.012186335,-0.147008851,-0.000415894,,,,,,,,
1771213947,ATTITUDE,,,,,,,,,0.007301964,-0.012396764,-0.146986768,-0.001063176,,,,,,,,
1771213947,ATTITUDE,,,,,,,,,0.007241454,-0.012533418,-0.147036389,-0.00061924,,,,,,,,
1771213947,ATTITUDE,,,,,,,,,0.007190642,-0.012734721,-0.147062972,0.000209632,,,,,,,,
1771213948,ATTITUDE,,,,,,,,,0.007161298,-0.012873921,-0.147161081,-0.000328737,,,,,,,,
1771213948,ATTITUDE,,,,,,,,,0.007106855,-0.013039227,-0.147220656,-0.000686373,,,,,,,,
1771213948,ALTITUDE,,,,,,,,580.3590698,,,,,,,,,,,,
1771213948,LOCAL_POSITION_NED,,,,,,,,,,,,,,-0.018699823,-0.1093297,0.302385956,,,,
1771213948,SERVO_OUTPUT_RAW,,,,0,0,0,0,,,,,,,,,,,,,
1771213948,ATTITUDE,,,,,,,,,0.007072152,-0.013092594,-0.147296831,8.75E-05,,,,,,,,
1771213948,ATTITUDE,,,,,,,,,0.007080703,-0.013224654,-0.147407562,-0.001664244,,,,,,,,
1771213949,ATTITUDE,,,,,,,,,0.00734428,-0.013277048,-0.147517964,-0.000499319,,,,,,,,
1771213949,BATTERY_STATUS,12.602,0,100,,,,,,,,,,,,,,,,,
1771213949,ATTITUDE,,,,,,,,,0.007517574,-0.013343534,-0.147562116,-1.56E-05,,,,,,,,
1771213949,ATTITUDE,,,,,,,,,0.007768089,-0.013346206,-0.147630423,-0.001301228,,,,,,,,
1771213949,ATTITUDE,,,,,,,,,0.007962296,-0.013434149,-0.147696733,-0.00053794,,,,,,,,
1771213950,ATTITUDE,,,,,,,,,0.008144307,-0.013529665,-0.147774324,-0.000584355,,,,,,,,
1771213950,ATTITUDE,,,,,,,,,0.008292008,-0.013592359,-0.147849634,-0.000548877,,,,,,,,
1771213950,ATTITUDE,,,,,,,,,0.008402405,-0.013572861,-0.147963539,-0.002369518,,,,,,,,
1771213950,ATTITUDE,,,,,,,,,0.008505695,-0.01361849,-0.147987068,-0.000782837,,,,,,,,
1771213950,ATTITUDE,,,,,,,,,0.008533975,-0.013619999,-0.148017988,-0.000790634,,,,,,,,
1771213951,VIBRATION,,,,,,,,,,,,,,,,,2.40E-11,0.00233682,0.02976143,
1771213951,ATTITUDE,,,,,,,,,0.008597954,-0.013617028,-0.148060739,-0.000311958,,,,,,,,
1771213951,ATTITUDE,,,,,,,,,0.00858565,-0.01364027,-0.148110852,-0.000406741,,,,,,,,
1771213951,ATTITUDE,,,,,,,,,0.008562588,-0.013696055,-0.148067415,-0.000668291,,,,,,,,
1771213951,ATTITUDE,,,,,,,,,0.00856962,-0.013659581,-0.148044273,-0.001956622,,,,,,,,
1771213952,ALTITUDE,,,,,,,,580.4198608,,,,,,,,,,,,
1771213952,LOCAL_POSITION_NED,,,,,,,,,,,,,,-0.016335642,-0.103997648,0.297839791,,,,
1771213952,SERVO_OUTPUT_RAW,,,,0,0,0,0,,,,,,,,,,,,,
1771213952,ATTITUDE,,,,,,,,,0.008582844,-0.013694543,-0.148052797,-0.000917919,,,,,,,,
1771213952,ATTITUDE,,,,,,,,,0.008589434,-0.013690612,-0.148075685,-0.000462952,,,,,,,,
1771213952,ATTITUDE,,,,,,,,,0.008588535,-0.013702294,-0.148106784,-0.001531795,,,,,,,,
1771213952,ATTITUDE,,,,,,,,,0.008557819,-0.013654521,-0.148078904,-0.000985839,,,,,,,,
1771213953,ATTITUDE,,,,,,,,,0.00856051,-0.013631307,-0.148109719,-0.001103216,,,,,,,,
1771213953,ATTITUDE,,,,,,,,,0.008543269,-0.01360439,-0.148076773,-0.000808897,,,,,,,,
1771213953,ATTITUDE,,,,,,,,,0.008555467,-0.013577861,-0.148089096,-0.000899574,,,,,,,,
1771213953,ATTITUDE,,,,,,,,,0.008522596,-0.013521592,-0.148068652,0.000779256,,,,,,,,
1771213953,ATTITUDE,,,,,,,,,0.00852357,-0.01355016,-0.148185074,-0.001305962,,,,,,,,
1771213954,ATTITUDE,,,,,,,,,0.008441363,-0.013500674,-0.148217395,0.000120354,,,,,,,,
1771213954,ATTITUDE,,,,,,,,,0.008441825,-0.013450697,-0.148258954,-0.001478375,,,,,,,,
1771213954,ATTITUDE,,,,,,,,,0.008446719,-0.013389869,-0.148254946,-0.001575505,,,,,,,,
1771213954,ATTITUDE,,,,,,,,,0.008418084,-0.013287187,-0.148289546,-0.001136507,,,,,,,,
1771213955,ATTITUDE,,,,,,,,,0.008391504,-0.013306488,-0.148221418,4.02E-05,,,,,,,,
1771213955,ATTITUDE,,,,,,,,,0.008317083,-0.013252068,-0.148169339,-0.000649877,,,,,,,,
1771213955,ALTITUDE,,,,,,,,579.9812012,,,,,,,,,,,,
1771213955,LOCAL_POSITION_NED,,,,,,,,,,,,,,-0.019218512,-0.105502903,0.326340765,,,,
1771213955,SERVO_OUTPUT_RAW,,,,0,0,0,0,,,,,,,,,,,,,
1771213955,ATTITUDE,,,,,,,,,0.008263038,-0.013226272,-0.148058593,-0.000766284,,,,,,,,
1771213955,ATTITUDE,,,,,,,,,0.008139961,-0.013207376,-0.148003042,-0.000945238,,,,,,,,
1771213956,ATTITUDE,,,,,,,,,0.00805606,-0.013104348,-0.148082301,-0.001051883,,,,,,,,
1771213956,BATTERY_STATUS,12.589,0,100,,,,,,,,,,,,,,,,,
1771213956,ATTITUDE,,,,,,,,,0.008022876,-0.013054848,-0.148154408,-0.000158155,,,,,,,,
1771213956,ATTITUDE,,,,,,,,,0.00799563,-0.012995483,-0.148155794,-0.000362499,,,,,,,,
1771213956,ATTITUDE,,,,,,,,,0.007889269,-0.012972827,-0.148095623,-0.001173077,,,,,,,,
1771213957,ATTITUDE,,,,,,,,,0.007941825,-0.01289189,-0.148076892,-0.002066684,,,,,,,,
1771213957,ATTITUDE,,,,,,,,,0.008011657,-0.012891427,-0.148124427,1.69E-05,,,,,,,,
1771213957,ATTITUDE,,,,,,,,,0.007993939,-0.01289715,-0.148148298,-0.000605359,,,,,,,,
1771213957,ATTITUDE,,,,,,,,,0.0079722,-0.012879127,-0.148155138,-0.001656331,,,,,,,,
1771213957,ATTITUDE,,,,,,,,,0.007929835,-0.012820375,-0.148213416,-0.000710996,,,,,,,,
1771213958,ATTITUDE,,,,,,,,,0.007848741,-0.012738607,-0.148146898,-0.000326121,,,,,,,,
1771213958,ATTITUDE,,,,,,,,,0.007796827,-0.012700675,-0.148266166,-0.002055685,,,,,,,,
1771213958,ATTITUDE,,,,,,,,,0.007737938,-0.01263217,-0.148300797,-0.001492575,,,,,,,,
1771213958,ATTITUDE,,,,,,,,,0.007692398,-0.012669784,-0.148312032,-0.001870579,,,,,,,,
1771213958,ALTITUDE,,,,,,,,580.2137451,,,,,,,,,,,,
1771213958,LOCAL_POSITION_NED,,,,,,,,,,,,,,-0.020423109,-0.107985668,0.35942173,,,,
1771213959,SERVO_OUTPUT_RAW,,,,0,0,0,0,,,,,,,,,,,,,
1771213959,ATTITUDE,,,,,,,,,0.007656767,-0.012662658,-0.148402303,-0.00061932,,,,,,,,
1771213959,ATTITUDE,,,,,,,,,0.007594125,-0.012620443,-0.148430809,-0.000413474,,,,,,,,
1771213959,ATTITUDE,,,,,,,,,0.007532108,-0.012621631,-0.148331076,-0.000509771,,,,,,,,
1771213959,ATTITUDE,,,,,,,,,0.007497041,-0.012611668,-0.148391396,-0.001224009,,,,,,,,
1771213960,ATTITUDE,,,,,,,,,0.007392199,-0.012508108,-0.148375601,3.04E-05,,,,,,,,
1771213960,ATTITUDE,,,,,,,,,0.007266427,-0.012445794,-0.148392379,-0.001137816,,,,,,,,
1771213960,ATTITUDE,,,,,,,,,0.007296443,-0.012454904,-0.148390695,-0.001021462,,,,,,,,
1771213960,ATTITUDE,,,,,,,,,0.007274605,-0.012379704,-0.148400173,-0.000563863,,,,,,,,
1771213960,ATTITUDE,,,,,,,,,0.007252536,-0.012305258,-0.148409635,-0.001733199,,,,,,,,
1771213961,ATTITUDE,,,,,,,,,0.007205706,-0.012258628,-0.148432046,-0.000989747,,,,,,,,
1771213961,ATTITUDE,,,,,,,,,0.007087689,-0.012177158,-0.148445353,-0.000426459,,,,,,,,
1771213961,ATTITUDE,,,,,,,,,0.007043602,-0.012065002,-0.148476481,-0.000504072,,,,,,,,
1771213961,ATTITUDE,,,,,,,,,0.007042813,-0.012023234,-0.14855139,-0.001530643,,,,,,,,
1771213962,ATTITUDE,,,,,,,,,0.006985201,-0.012035429,-0.14859806,-0.000386522,,,,,,,,
1771213962,ATTITUDE,,,,,,,,,0.00695761,-0.012049448,-0.148514807,-0.000583251,,,,,,,,
1771213962,ALTITUDE,,,,,,,,580.7236938,,,,,,,,,,,,
1771213962,LOCAL_POSITION_NED,,,,,,,,,,,,,,-0.023001699,-0.109724477,0.397230238,,,,
1771213962,SERVO_OUTPUT_RAW,,,,0,0,0,0,,,,,,,,,,,,,
1771213962,ATTITUDE,,,,,,,,,0.006931506,-0.012039295,-0.14852418,-0.001110042,,,,,,,,
1771213962,ATTITUDE,,,,,,,,,0.006940756,-0.011949686,-0.1485257,-0.00176149,,,,,,,,
1771213963,ATTITUDE,,,,,,,,,0.007112524,-0.011888612,-0.148574203,-0.000509859,,,,,,,,
1771213963,BATTERY_STATUS,12.592,0,100,,,,,,,,,,,,,,,,,
1771213963,ATTITUDE,,,,,,,,,0.007280175,-0.011816693,-0.148545429,0.000122773,,,,,,,,
1771213963,ATTITUDE,,,,,,,,,0.007514938,-0.011812749,-0.148570716,-0.001353349,,,,,,,,
1771213963,ATTITUDE,,,,,,,,,0.007676423,-0.011808787,-0.148580208,-0.000503594,,,,,,,,
1771213963,ATTITUDE,,,,,,,,,0.007855668,-0.011799593,-0.148532033,-0.001685537,,,,,,,,
1771213964,ATTITUDE,,,,,,,,,0.00802576,-0.011867975,-0.148556679,0.000628625,,,,,,,,
1771213964,ATTITUDE,,,,,,,,,0.008181759,-0.012036214,-0.148544103,-0.001353253,,,,,,,,
1771213964,ATTITUDE,,,,,,,,,0.008248759,-0.012247201,-0.148514211,0.000557093,,,,,,,,
1771213964,ATTITUDE,,,,,,,,,0.008339403,-0.012441522,-0.148495927,-0.000579417,,,,,,,,
1771213965,ATTITUDE,,,,,,,,,0.008417307,-0.01260271,-0.148546994,-0.000975629,,,,,,,,
1771213965,ATTITUDE,,,,,,,,,0.008485568,-0.012867291,-0.148561299,-0.001214051,,,,,,,,
1771213965,ATTITUDE,,,,,,,,,0.008572137,-0.013049914,-0.148572698,2.09E-05,,,,,,,,
1771213965,ATTITUDE,,,,,,,,,0.0086032,-0.013191363,-0.148514971,-0.000397568,,,,,,,,
1771213965,ALTITUDE,,,,,,,,579.777771,,,,,,,,,,,,
1771213965,LOCAL_POSITION_NED,,,,,,,,,,,,,,-0.017534452,-0.103262715,0.471509159,,,,
1771213965,SERVO_OUTPUT_RAW,,,,0,0,0,0,,,,,,,,,,,,,
1771213966,ATTITUDE,,,,,,,,,0.008615509,-0.013285678,-0.148462817,-0.002186633,,,,,,,,
1771213966,ATTITUDE,,,,,,,,,0.008614375,-0.013338195,-0.148485377,-0.0025494,,,,,,,,
1771213966,ATTITUDE,,,,,,,,,0.008635811,-0.013507112,-0.148559317,-0.001610034,,,,,,,,
1771213966,ATTITUDE,,,,,,,,,0.008603063,-0.013545982,-0.148679942,-0.000749203,,,,,,,,
1771213966,ATTITUDE,,,,,,,,,0.008536045,-0.013637079,-0.148698911,3.64E-05,,,,,,,,
1771213967,ATTITUDE,,,,,,,,,0.008504523,-0.01375857,-0.148796231,-0.001525342,,,,,,,,
1771213967,ATTITUDE,,,,,,,,,0.00848413,-0.013827365,-0.148847803,0.000215013,,,,,,,,
1771213967,ATTITUDE,,,,,,,,,0.008402326,-0.013875262,-0.148892507,-0.000324927,,,,,,,,
1771213967,ATTITUDE,,,,,,,,,0.00833881,-0.013859396,-0.148885503,0.0002539,,,,,,,,
1771213968,ATTITUDE,,,,,,,,,0.008307446,-0.013832345,-0.149088249,-0.001175285,,,,,,,,
1771213968,ATTITUDE,,,,,,,,,0.008319131,-0.01382676,-0.149277985,-0.001521884,,,,,,,,
1771213968,ATTITUDE,,,,,,,,,0.008285478,-0.013779691,-0.149409235,-0.000156271,,,,,,,,
1771213968,ATTITUDE,,,,,,,,,0.008309591,-0.013844054,-0.149486095,-0.000522459,,,,,,,,
1771213969,ATTITUDE,,,,,,,,,0.00830584,-0.013857936,-0.149582312,-0.000527402,,,,,,,,
1771213969,ATTITUDE,,,,,,,,,0.008250577,-0.013869235,-0.149744004,-0.000163112,,,,,,,,
1771213969,ALTITUDE,,,,,,,,580.3405762,,,,,,,,,,,,
1771213969,LOCAL_POSITION_NED,,,,,,,,,,,,,,-0.016435182,-0.107111417,0.524878442,,,,
1771213969,SERVO_OUTPUT_RAW,,,,0,0,0,0,,,,,,,,,,,,,
1771213969,ATTITUDE,,,,,,,,,0.008208302,-0.013801109,-0.149769709,-0.00046153,,,,,,,,
1771213969,ATTITUDE,,,,,,,,,0.008091161,-0.01377017,-0.149773598,-0.002051995,,,,,,,,
1771213969,ATTITUDE,,,,,,,,,0.007964195,-0.013782633,-0.149753198,-0.000742504,,,,,,,,
1771213970,BATTERY_STATUS,12.585,0,99,,,,,,,,,,,,,,,,,
1771213970,ATTITUDE,,,,,,,,,0.007914226,-0.013771727,-0.149885952,-0.002075401,,,,,,,,
1771213970,ATTITUDE,,,,,,,,,0.007861228,-0.013707289,-0.150024056,-0.002554159,,,,,,,,
1771213970,ATTITUDE,,,,,,,,,0.007734175,-0.013742436,-0.150137618,-0.000850544,,,,,,,,
1771213970,ATTITUDE,,,,,,,,,0.007633412,-0.013613549,-0.150199503,-0.001110423,,,,,,,,
1771213971,ATTITUDE,,,,,,,,,0.007655551,-0.013545121,-0.150307283,-0.000570255,,,,,,,,
1771213971,ATTITUDE,,,,,,,,,0.007646804,-0.013587726,-0.150431141,-0.001070028,,,,,,,,
1771213971,ATTITUDE,,,,,,,,,0.007589846,-0.013512736,-0.150484979,-0.000580218,,,,,,,,
1771213971,ATTITUDE,,,,,,,,,0.007608351,-0.013445032,-0.15051119,-0.002478882,,,,,,,,
1771213972,ATTITUDE,,,,,,,,,0.007563349,-0.013295494,-0.150605053,-0.001430375,,,,,,,,
1771213972,ATTITUDE,,,,,,,,,0.007576785,-0.013258523,-0.150652304,-0.000849241,,,,,,,,
1771213972,ATTITUDE,,,,,,,,,0.007565461,-0.013157132,-0.15068081,-0.000615356,,,,,,,,
1771213972,ATTITUDE,,,,,,,,,0.007527743,-0.013117542,-0.150699049,-0.000717968,,,,,,,,
1771213972,ALTITUDE,,,,,,,,579.8569946,,,,,,,,,,,,
1771213972,LOCAL_POSITION_NED,,,,,,,,,,,,,,-0.020041656,-0.108808003,0.535628319,,,,
1771213972,SERVO_OUTPUT_RAW,,,,0,0,0,0,,,,,,,,,,,,,
1771213973,ATTITUDE,,,,,,,,,0.007524846,-0.013060731,-0.150732026,-0.00037917,,,,,,,,
1771213973,ATTITUDE,,,,,,,,,0.007501293,-0.013017935,-0.150799111,-0.000467491,,,,,,,,
1771213973,ATTITUDE,,,,,,,,,0.007502859,-0.012925316,-0.150827393,-0.000570362,,,,,,,,
1771213973,ATTITUDE,,,,,,,,,0.007471395,-0.012874213,-0.150873467,-0.000425329,,,,,,,,
1771213973,ATTITUDE,,,,,,,,,0.007413559,-0.012841796,-0.150961488,-0.000383489,,,,,,,,
1771213974,ATTITUDE,,,,,,,,,0.007328319,-0.012732157,-0.150932655,-0.001536538,,,,,,,,
1771213974,ATTITUDE,,,,,,,,,0.007298587,-0.012693793,-0.15090768,-0.00107525,,,,,,,,
1771213974,ATTITUDE,,,,,,,,,0.007251153,-0.01267679,-0.150877431,-6.31E-05,,,,,,,,
1771213974,ATTITUDE,,,,,,,,,0.007261336,-0.012605649,-0.150882035,0.000738388,,,,,,,,
1771213975,ATTITUDE,,,,,,,,,0.00723279,-0.012623384,-0.150836661,-0.001700118,,,,,,,,
1771213975,ATTITUDE,,,,,,,,,0.007231886,-0.012684994,-0.150855571,-0.000597378,,,,,,,,
1771213975,ATTITUDE,,,,,,,,,0.007202403,-0.012617541,-0.15082714,-0.001522348,,,,,,,,
1771213975,ATTITUDE,,,,,,,,,0.00714659,-0.012544521,-0.150836572,-0.00097818,,,,,,,,
1771213976,ATTITUDE,,,,,,,,,0.007115341,-0.012514556,-0.150973707,-0.000172948,,,,,,,,
1771213976,ATTITUDE,,,,,,,,,0.007043311,-0.012464005,-0.151011184,-0.000446678,,,,,,,,
1771213976,ALTITUDE,,,,,,,,580.2401733,,,,,,,,,,,,
1771213976,LOCAL_POSITION_NED,,,,,,,,,,,,,,-0.020403266,-0.108170047,0.574888229,,,,
1771213976,SERVO_OUTPUT_RAW,,,,0,0,0,0,,,,,,,,,,,,,
1771213976,ATTITUDE,,,,,,,,,0.006977228,-0.012450097,-0.150968999,-0.002053841,,,,,,,,
1771213976,ATTITUDE,,,,,,,,,0.006936462,-0.012440584,-0.150988594,-0.001540037,,,,,,,,
1771213976,ATTITUDE,,,,,,,,,0.00684785,-0.012397157,-0.150856122,5.32E-05,,,,,,,,
1771213977,BATTERY_STATUS,12.596,0,99,,,,,,,,,,,,,,,,,
1771213977,ATTITUDE,,,,,,,,,0.006827954,-0.012403777,-0.150827155,-0.000330321,,,,,,,,
1771213977,ATTITUDE,,,,,,,,,0.006807441,-0.012362986,-0.150814369,0.000712684,,,,,,,,
1771213977,ATTITUDE,,,,,,,,,0.006818145,-0.012259929,-0.150763348,0.000743237,,,,,,,,
1771213977,ATTITUDE,,,,,,,,,0.006849067,-0.012283472,-0.15067035,0.001146167,,,,,,,,
1771213978,ATTITUDE,,,,,,,,,0.006996045,-0.012261658,-0.150557518,0.000138584,,,,,,,,
1771213978,ATTITUDE,,,,,,,,,0.007187782,-0.012210994,-0.150519609,-2.52E-05,,,,,,,,
1771213978,ATTITUDE,,,,,,,,,0.007365502,-0.012203012,-0.150583804,0.001378041,,,,,,,,
1771213978,ATTITUDE,,,,,,,,,0.007543802,-0.01218584,-0.150522724,4.36E-05,,,,,,,,
1771213979,ATTITUDE,,,,,,,,,0.007704169,-0.012080736,-0.150521755,0.000349398,,,,,,,,
1771213979,ATTITUDE,,,,,,,,,0.00783644,-0.012031332,-0.150550365,1.14E-06,,,,,,,,
1771213979,ATTITUDE,,,,,,,,,0.008018565,-0.012033323,-0.150493398,-2.30E-05,,,,,,,,
1771213979,ATTITUDE,,,,,,,,,0.008081878,-0.012009183,-0.15046297,-0.000330664,,,,,,,,
1771213979,ALTITUDE,,,,,,,,580.0499268,,,,,,,,,,,,
1771213979,LOCAL_POSITION_NED,,,,,,,,,,,,,,-0.020551566,-0.104400553,0.500144958,,,,
1771213979,SERVO_OUTPUT_RAW,,,,0,0,0,0,,,,,,,,,,,,,
1771213980,ATTITUDE,,,,,,,,,0.00813871,-0.011982486,-0.150370017,0.001888766,,,,,,,,
1771213980,ATTITUDE,,,,,,,,,0.008183519,-0.011945336,-0.150304928,-0.000596767,,,,,,,,
1771213980,ATTITUDE,,,,,,,,,0.008236736,-0.011914374,-0.15023157,-0.000479118,,,,,,,,
1771213980,ATTITUDE,,,,,,,,,0.008286758,-0.011892813,-0.150158733,0.00080714,,,,,,,,
1771213980,ATTITUDE,,,,,,,,,0.008288231,-0.011803603,-0.150073096,-4.63E-05,,,,,,,,
1771213981,ATTITUDE,,,,,,,,,0.008322845,-0.011816445,-0.150035441,-0.000436446,,,,,,,,
1771213981,ATTITUDE,,,,,,,,,0.00831976,-0.01175585,-0.149917886,0.000161165,,,,,,,,
1771213981,ATTITUDE,,,,,,,,,0.008340751,-0.011677558,-0.149806127,0.000369709,,,,,,,,
1771213981,ATTITUDE,,,,,,,,,0.00828234,-0.011633178,-0.149791166,-0.00016269,,,,,,,,
1771213982,ATTITUDE,,,,,,,,,0.0082476,-0.011677643,-0.149709046,-0.000244625,,,,,,,,
1771213982,ATTITUDE,,,,,,,,,0.008220144,-0.011634256,-0.14974378,-0.001235907,,,,,,,,
1771213982,ATTITUDE,,,,,,,,,0.008270723,-0.011535984,-0.149759576,-0.000833912,,,,,,,,
1771213982,ATTITUDE,,,,,,,,,0.008312559,-0.011471803,-0.149737448,-0.000750076,,,,,,,,
1771213982,ATTITUDE,,,,,,,,,0.008285597,-0.011409607,-0.149689719,0.00084748,,,,,,,,
1771213983,ATTITUDE,,,,,,,,,0.00829106,-0.011330946,-0.149595037,0.001001959,,,,,,,,
1771213983,ALTITUDE,,,,,,,,580.3326416,,,,,,,,,,,,
1771213983,LOCAL_POSITION_NED,,,,,,,,,,,,,,-0.022063646,-0.105683289,0.45953536,,,,
1771213983,SERVO_OUTPUT_RAW,,,,0,0,0,0,,,,,,,,,,,,,
1771213983,ATTITUDE,,,,,,,,,0.008278472,-0.011215412,-0.149517015,-0.000296854,,,,,,,,
1771213983,ATTITUDE,,,,,,,,,0.008211858,-0.011197173,-0.149521053,-0.00018011,,,,,,,,
1771213983,ATTITUDE,,,,,,,,,0.008170353,-0.011244626,-0.149520651,-0.000496779,,,,,,,,
1771213984,BATTERY_STATUS,12.586,0,99,,,,,,,,,,,,,,,,,
1771213984,ATTITUDE,,,,,,,,,0.008114825,-0.011226051,-0.149456844,-0.000185037,,,,,,,,
1771213984,ATTITUDE,,,,,,,,,0.008099067,-0.011238274,-0.149431795,0.000382638,,,,,,,,
1771213984,ATTITUDE,,,,,,,,,0.00806846,-0.011304547,-0.149295077,0.001349319,,,,,,,,
1771213984,ATTITUDE,,,,,,,,,0.008040714,-0.011317278,-0.149228185,0.000905206,,,,,,,,
1771213985,ATTITUDE,,,,,,,,,0.00804973,-0.01137045,-0.149134114,0.000182775,,,,,,,,
1771213985,ATTITUDE,,,,,,,,,0.008088414,-0.011369238,-0.1491521,-0.001180455,,,,,,,,
1771213985,ATTITUDE,,,,,,,,,0.008046045,-0.011388225,-0.149150506,-0.000465427,,,,,,,,
1771213985,ATTITUDE,,,,,,,,,0.007998961,-0.011361343,-0.149199441,-0.001063066,,,,,,,,
1771213985,VIBRATION,,,,,,,,,,,,,,,,,3.96E-11,0.002257333,0.030102435,
1771213985,ATTITUDE,,,,,,,,,0.007934764,-0.011327602,-0.149142057,-0.000986582,,,,,,,,
1771213986,ATTITUDE,,,,,,,,,0.007960883,-0.011290986,-0.149089113,0.000482524,,,,,,,,
1771213986,ATTITUDE,,,,,,,,,0.00799437,-0.011281092,-0.149094343,5.35E-05,,,,,,,,
1771213986,ATTITUDE,,,,,,,,,0.007977853,-0.011265012,-0.149192095,-0.000343847,,,,,,,,
1771213986,ALTITUDE,,,,,,,,579.960083,,,,,,,,,,,,
1771213986,LOCAL_POSITION_NED,,,,,,,,,,,,,,-0.021670684,-0.107061669,0.486735672,,,,
1771213986,SERVO_OUTPUT_RAW,,,,0,0,0,0,,,,,,,,,,,,,
1771213986,ATTITUDE,,,,,,,,,0.007938094,-0.011140557,-0.149154365,-7.27E-05,,,,,,,,
1771213987,ATTITUDE,,,,,,,,,0.007951281,-0.011137958,-0.149165019,0.000247499,,,,,,,,
1771213987,ATTITUDE,,,,,,,,,0.007928716,-0.011190293,-0.149145558,-0.000837156,,,,,,,,
1771213987,ATTITUDE,,,,,,,,,0.007889434,-0.01126328,-0.149122119,0.002080897,,,,,,,,
1771213987,ATTITUDE,,,,,,,,,0.007881867,-0.011260024,-0.149131358,-0.001191535,,,,,,,,
1771213988,ATTITUDE,,,,,,,,,0.007744491,-0.011309907,-0.149125054,0.000289903,,,,,,,,
1771213988,ATTITUDE,,,,,,,,,0.007605737,-0.01129734,-0.149145409,0.000828972,,,,,,,,
1771213988,ATTITUDE,,,,,,,,,0.00750495,-0.011243183,-0.149039865,0.000814048,,,,,,,,
1771213988,ATTITUDE,,,,,,,,,0.007421094,-0.011261719,-0.149035066,4.34E-05,,,,,,,,
1771213989,ATTITUDE,,,,,,,,,0.007430662,-0.01123746,-0.149066851,-0.000287137,,,,,,,,
1771213989,ATTITUDE,,,,,,,,,0.007410317,-0.011235567,-0.149212331,0.000162485,,,,,,,,
1771213989,ATTITUDE,,,,,,,,,0.007382629,-0.011237684,-0.149283543,-0.000722377,,,,,,,,
1771213989,ATTITUDE,,,,,,,,,0.00731299,-0.011196953,-0.149269015,0.000695993,,,,,,,,
1771213989,ATTITUDE,,,,,,,,,0.007329632,-0.011184141,-0.149174824,0.000197938,,,,,,,,
1771213990,ATTITUDE,,,,,,,,,0.007213942,-0.011185777,-0.149185628,-0.000229824,,,,,,,,
1771213990,ALTITUDE,,,,,,,,579.666748,,,,,,,,,,,,
1771213990,LOCAL_POSITION_NED,,,,,,,,,,,,,,-0.022395581,-0.108358443,0.520624697,,,,
1771213990,SERVO_OUTPUT_RAW,,,,0,0,0,0,,,,,,,,,,,,,
1771213990,ATTITUDE,,,,,,,,,0.007200671,-0.011149773,-0.14917776,-0.000722217,,,,,,,,
1771213990,ATTITUDE,,,,,,,,,0.007161202,-0.011148826,-0.14923048,-0.000552121,,,,,,,,
1771213990,ATTITUDE,,,,,,,,,0.007148094,-0.011102239,-0.149291232,0.000160462,,,,,,,,
1771213991,BATTERY_STATUS,12.583,0,99,,,,,,,,,,,,,,,,,
1771213991,ATTITUDE,,,,,,,,,0.007093756,-0.011128503,-0.149352267,-0.000797598,,,,,,,,
1771213991,ATTITUDE,,,,,,,,,0.007017761,-0.011202563,-0.149294853,0.000517633,,,,,,,,
1771213991,ATTITUDE,,,,,,,,,0.00695978,-0.011149616,-0.149118319,0.000318906,,,,,,,,
1771213991,ATTITUDE,,,,,,,,,0.006870756,-0.011087147,-0.149108365,-0.000245536,,,,,,,,
1771213992,ATTITUDE,,,,,,,,,0.00682478,-0.011096587,-0.149219349,-7.58E-05,,,,,,,,
1771213992,ATTITUDE,,,,,,,,,0.006716353,-0.01099747,-0.149217695,0.000613186,,,,,,,,
1771213992,ATTITUDE,,,,,,,,,0.006659702,-0.011009123,-0.149138868,0.000981472,,,,,,,,
1771213992,ATTITUDE,,,,,,,,,0.006598836,-0.010939934,-0.149086401,0.001454521,,,,,,,,
1771213992,ATTITUDE,,,,,,,,,0.006559492,-0.010938729,-0.149142548,-0.000399924,,,,,,,,
1771213993,ATTITUDE,,,,,,,,,0.006500955,-0.010900551,-0.149316058,-0.001095779,,,,,,,,
1771213993,ATTITUDE,,,,,,,,,0.00645883,-0.010838269,-0.149437904,-0.001855288,,,,,,,,
1771213993,ATTITUDE,,,,,,,,,0.006363037,-0.010811483,-0.149414688,-8.38E-05,,,,,,,,
1771213993,ALTITUDE,,,,,,,,579.6165771,,,,,,,,,,,,
1771213993,LOCAL_POSITION_NED,,,,,,,,,,,,,,-0.02353107,-0.110288814,0.602900445,,,,
1771213993,SERVO_OUTPUT_RAW,,,,0,0,0,0,,,,,,,,,,,,,
1771213993,ATTITUDE,,,,,,,,,0.006312258,-0.010813917,-0.1494032,0.000423396,,,,,,,,
1771213994,ATTITUDE,,,,,,,,,0.006286954,-0.010796444,-0.149322122,-0.000151555,,,,,,,,
1771213994,ATTITUDE,,,,,,,,,0.00625235,-0.010717013,-0.149227917,0.000273132,,,,,,,,
1771213994,ATTITUDE,,,,,,,,,0.006249176,-0.010681162,-0.149171561,0.00138378,,,,,,,,
1771213994,ATTITUDE,,,,,,,,,0.006248635,-0.010610356,-0.149207428,0.000432687,,,,,,,,
1771213995,ATTITUDE,,,,,,,,,0.006279157,-0.010617568,-0.149263933,-0.001278133,,,,,,,,
1771213995,ATTITUDE,,,,,,,,,0.006441863,-0.010629712,-0.149274886,-0.001082122,,,,,,,,
1771213995,ATTITUDE,,,,,,,,,0.006592914,-0.010606549,-0.14927946,-0.00023524,,,,,,,,
1771213995,ATTITUDE,,,,,,,,,0.006822281,-0.010650129,-0.149301961,-0.001642166,,,,,,,,
1771213996,ATTITUDE,,,,,,,,,0.007039922,-0.010719495,-0.149268746,0.000186833,,,,,,,,
1771213996,ATTITUDE,,,,,,,,,0.007301682,-0.010727152,-0.14923957,-0.000654401,,,,,,,,
1771213996,ATTITUDE,,,,,,,,,0.007485814,-0.010757932,-0.149227858,-0.000494295,,,,,,,,
1771213996,ATTITUDE,,,,,,,,,0.007720594,-0.01080013,-0.149219587,0.000602535,,,,,,,,
1771213996,ATTITUDE,,,,,,,,,0.007888816,-0.010813396,-0.149261296,0.000239956,,,,,,,,
1771213997,ATTITUDE,,,,,,,,,0.007986419,-0.010848249,-0.149284646,0.001642848,,,,,,,,
1771213997,ALTITUDE,,,,,,,,580.6814575,,,,,,,,,,,,
1771213997,LOCAL_POSITION_NED,,,,,,,,,,,,,,-0.022104722,-0.104642026,0.684787095,,,,
1771213997,SERVO_OUTPUT_RAW,,,,0,0,0,0,,,,,,,,,,,,,
1771213997,ATTITUDE,,,,,,,,,0.008094854,-0.010863277,-0.149331406,0.000779999,,,,,,,,
1771213997,ATTITUDE,,,,,,,,,0.008165781,-0.010863292,-0.149433345,-0.000299713,,,,,,,,
1771213997,ATTITUDE,,,,,,,,,0.008297908,-0.010916169,-0.14950715,-0.001018718,,,,,,,,
1771213998,BATTERY_STATUS,12.585,0,99,,,,,,,,,,,,,,,,,
1771213998,ATTITUDE,,,,,,,,,0.008367527,-0.010898037,-0.149527654,-0.000125585,,,,,,,,
1771213998,ATTITUDE,,,,,,,,,0.00840335,-0.010888795,-0.149533242,5.52E-05,,,,,,,,
1771213998,ATTITUDE,,,,,,,,,0.008385614,-0.01087989,-0.149567261,-3.98E-05,,,,,,,,
1771213998,ATTITUDE,,,,,,,,,0.008423833,-0.010876655,-0.149612531,0.001053175,,,,,,,,
1771213999,ATTITUDE,,,,,,,,,0.008459444,-0.010879566,-0.149595708,-0.000252014,,,,,,,,
1771213999,ATTITUDE,,,,,,,,,0.00843569,-0.010858196,-0.149607271,-0.00117734,,,,,,,,
1771213999,ATTITUDE,,,,,,,,,0.008438813,-0.010777734,-0.14958483,0.00060471,,,,,,,,
1771213999,ATTITUDE,,,,,,,,,0.008364509,-0.010782086,-0.149630815,-0.000188719,,,,,,,,
1771213999,ATTITUDE,,,,,,,,,0.008307277,-0.010706985,-0.149666712,-0.000520017,,,,,,,,
1771214000,ATTITUDE,,,,,,,,,0.008292966,-0.01068312,-0.149714842,0.000122382,,,,,,,,
1771214000,ATTITUDE,,,,,,,,,0.008331312,-0.010713965,-0.149772212,1.08E-05,,,,,,,,
1771214000,ATTITUDE,,,,,,,,,0.008314429,-0.010693299,-0.149707288,-0.00022711,,,,,,,,
1771214000,ALTITUDE,,,,,,,,579.9442139,,,,,,,,,,,,
1771214000,LOCAL_POSITION_NED,,,,,,,,,,,,,,-0.022682482,-0.104747966,0.594122112,,,,
1771214000,SERVO_OUTPUT_RAW,,,,0,0,0,0,,,,,,,,,,,,,
1771214000,ATTITUDE,,,,,,,,,0.008347431,-0.010656805,-0.14966321,0.000199255,,,,,,,,
1771214001,ATTITUDE,,,,,,,,,0.008308482,-0.010646272,-0.149671033,-0.001276488,,,,,,,,
1771214001,ATTITUDE,,,,,,,,,0.008239338,-0.010630602,-0.149752811,0.000473052,,,,,,,,
1771214001,ATTITUDE,,,,,,,,,0.008258152,-0.010583092,-0.149829388,0.0002079,,,,,,,,
1771214001,ATTITUDE,,,,,,,,,0.008223325,-0.010533057,-0.149856791,-0.001076126,,,,,,,,
1771214002,ATTITUDE,,,,,,,,,0.008161328,-0.010496503,-0.149737209,0.006303823,,,,,,,,
1771214002,ATTITUDE,,,,,,,,,0.007923057,-0.010266646,-0.149806291,0.000730217,,,,,,,,
1771214002,ATTITUDE,,,,,,,,,0.007902843,-0.010215474,-0.1498494,-0.008036678,,,,,,,,
1771214002,ATTITUDE,,,,,,,,,0.008033495,-0.010300908,-0.149700627,-0.004579077,,,,,,,,
1771214002,ATTITUDE,,,,,,,,,0.008234831,-0.010331743,-0.149655044,0.009505615,,,,,,,,
1771214003,ATTITUDE,,,,,,,,,0.008346939,-0.010390741,-0.149665609,0.006242174,,,,,,,,
1771214003,ATTITUDE,,,,,,,,,0.008368633,-0.010341542,-0.149675161,-0.001039917,,,,,,,,
1771214003,ATTITUDE,,,,,,,,,0.008038002,-0.010359572,-0.149031103,-0.026792789,,,,,,,,
1771214003,ATTITUDE,,,,,,,,,0.007882153,-0.010468094,-0.149387538,-0.011638444,,,,,,,,
1771214004,ATTITUDE,,,,,,,,,0.008507195,-0.009914028,-0.148824736,0.008225207,,,,,,,,
1771214004,ALTITUDE,,,,,,,,579.8411865,,,,,,,,,,,,
1771214004,LOCAL_POSITION_NED,,,,,,,,,,,,,,-0.022354098,-0.066688068,0.634263396,,,,
1771214004,SERVO_OUTPUT_RAW,,,,470,570,479,580,,,,,,,,,,,,,
1771214004,ATTITUDE,,,,,,,,,0.008222825,-0.009883567,-0.149006069,-0.000106065,,,,,,,,
1771214004,ATTITUDE,,,,,,,,,0.006794531,-0.009690301,-0.148452014,-0.015654014,,,,,,,,
1771214004,ATTITUDE,,,,,,,,,0.005250247,-0.009648687,-0.146416768,-0.011995352,,,,,,,,
1771214005,BATTERY_STATUS,12.402,2.06,96,,,,,,,,,,,,,,,,,
1771214005,ATTITUDE,,,,,,,,,0.00378123,-0.00994458,-0.145275921,-0.006615717,,,,,,,,
1771214005,ATTITUDE,,,,,,,,,0.003838667,-0.009811861,-0.143341929,-0.014476201,,,,,,,,
1771214005,ATTITUDE,,,,,,,,,0.001378777,-0.009331268,-0.140414491,0.052178271,,,,,,,,
1771214005,ATTITUDE,,,,,,,,,-5.21E-05,-0.008759134,-0.133247674,0.023265082,,,,,,,,
1771214006,ATTITUDE,,,,,,,,,-0.011859963,-0.007110692,-0.115402982,0.115386412,,,,,,,,
1771214006,ATTITUDE,,,,,,,,,-0.023737649,-0.002938753,-0.066741109,0.189474136,,,,,,,,
1771214006,ATTITUDE,,,,,,,,,-0.014048217,-0.007232852,0.012732552,0.385391414,,,,,,,,
1771214006,ATTITUDE,,,,,,,,,-0.024127873,-0.003406464,0.127178818,0.53458631,,,,,,,,
1771214006,ATTITUDE,,,,,,,,,-0.016277082,-0.005696294,0.290369958,0.872814178,,,,,,,,
1771214007,ATTITUDE,,,,,,,,,-0.019161392,-0.006749696,0.517681539,1.044474483,,,,,,,,
1771214007,ATTITUDE,,,,,,,,,-0.000935665,-0.011244569,0.798882425,1.456819773,,,,,,,,
1771214007,ATTITUDE,,,,,,,,,-0.004614973,-0.010282044,1.166456819,1.70363009,,,,,,,,
1771214007,ALTITUDE,,,,,,,,580.6867065,,,,,,,,,,,,
1771214007,LOCAL_POSITION_NED,,,,,,,,,,,,,,-0.062219836,0.333819747,0.798710108,,,,
1771214007,SERVO_OUTPUT_RAW,,,,962,914,1194,1146,,,,,,,,,,,,,
1771214007,ATTITUDE,,,,,,,,,-0.003244675,-0.006676864,1.609820604,2.122697592,,,,,,,,
1771214008,ATTITUDE,,,,,,,,,-0.004833614,-0.010463568,2.152216434,2.443559885,,,,,,,,
1771214008,ATTITUDE,,,,,,,,,-0.003478175,0.000950678,2.759700537,2.807084084,,,,,,,,
1771214008,ATTITUDE,,,,,,,,,-0.002351963,-0.000898407,-2.785894394,3.131008387,,,,,,,,
1771214008,ATTITUDE,,,,,,,,,0.001123832,-0.000835692,-2.016689301,3.597906351,,,,,,,,
1771214008,ATTITUDE,,,,,,,,,0.005670693,-0.006288149,-1.168345809,3.619432211,,,,,,,,
1771214009,ATTITUDE,,,,,,,,,-0.000543561,-0.001355956,-0.278742403,4.075406551,,,,,,,,
1771214009,ATTITUDE,,,,,,,,,-0.003434932,-0.008697036,0.709805667,4.392958164,,,,,,,,
1771214009,ATTITUDE,,,,,,,,,-0.009021039,-0.008698202,1.78427124,4.670330048,,,,,,,,
1771214009,ATTITUDE,,,,,,,,,-0.005275954,-0.004250003,2.903640985,4.875526428,,,,,,,,
1771214010,ATTITUDE,,,,,,,,,-0.001933773,0.002011267,-2.205016613,5.45001936,,,,,,,,
1771214010,ATTITUDE,,,,,,,,,0.003917328,-0.002307249,-0.875075042,5.9134655,,,,,,,,
1771214010,ATTITUDE,,,,,,,,,0.005917896,0.009118114,0.57075125,6.721426964,,,,,,,,
1771214010,ATTITUDE,,,,,,,,,0.013738199,0.013706005,2.2570858,7.216832161,,,,,,,,
1771214011,ATTITUDE,,,,,,,,,0.009175991,0.003404067,-2.332416058,7.729486942,,,,,,,,
1771214011,ALTITUDE,,,,,,,,580.2718506,,,,,,,,,,,,
1771214011,LOCAL_POSITION_NED,,,,,,,,,,,,,,-0.263188541,1.336901188,0.802702308,,,,
1771214011,SERVO_OUTPUT_RAW,,,,942,904,1237,1199,,,,,,,,,,,,,
1771214011,ATTITUDE,,,,,,,,,0.007438058,0.010760386,-0.488220751,8.045642853,,,,,,,,
1771214011,ATTITUDE,,,,,,,,,0.006409088,0.002014333,1.398894906,8.411010742,,,,,,,,
1771214011,ATTITUDE,,,,,,,,,0.003894564,0.007288435,-2.881326437,8.753428459,,,,,,,,
1771214012,BATTERY_STATUS,11.96,16.05,77,,,,,,,,,,,,,,,,,
1771214012,ATTITUDE,,,,,,,,,0.026046546,-0.004374232,-0.758129358,9.052103043,,,,,,,,
1771214012,ATTITUDE,,,,,,,,,-0.016769243,-0.007749849,1.377041936,9.373223305,,,,,,,,
1771214012,ATTITUDE,,,,,,,,,5.44E-05,0.049829714,-2.745691776,9.638325691,,,,,,,,
1771214012,ATTITUDE,,,,,,,,,0.001366246,-0.021093607,-0.48998785,9.839727402,,,,,,,,
1771214012,ATTITUDE,,,,,,,,,0.006407047,0.015448617,1.760072351,10.02092934,,,,,,,,
1771214013,ATTITUDE,,,,,,,,,0.003933326,-0.002200741,-2.068829536,10.19857216,,,,,,,,
1771214013,ATTITUDE,,,,,,,,,0.007431218,0.005624587,0.277998418,10.45043182,,,,,,,,
1771214013,ATTITUDE,,,,,,,,,-0.002366117,-0.004574866,2.7027421,10.48648167,,,,,,,,
1771214013,ATTITUDE,,,,,,,,,0.010468156,0.008709364,-1.189474225,10.54870224,,,,,,,,
1771214014,ATTITUDE,,,,,,,,,0.000378105,-0.008463047,1.259348869,10.5891571,,,,,,,,
1771214014,ATTITUDE,,,,,,,,,0.001962367,0.007389924,-2.512118816,10.55066776,,,,,,,,
1771214014,ATTITUDE,,,,,,,,,0.002794837,-0.002072406,-0.060987089,10.54329491,,,,,,,,
1771214014,ALTITUDE,,,,,,,,580.3828735,,,,,,,,,,,,
1771214014,LOCAL_POSITION_NED,,,,,,,,,,,,,,-0.121192917,2.445937157,0.739036083,,,,
1771214014,SERVO_OUTPUT_RAW,,,,968,1071,1055,1158,,,,,,,,,,,,,
1771214014,ATTITUDE,,,,,,,,,-0.005629538,-0.003568917,2.336870909,10.52156258,,,,,,,,
1771214014,ATTITUDE,,,,,,,,,0.012805672,0.011678517,-1.503185391,10.47354412,,,,,,,,
1771214015,ATTITUDE,,,,,,,,,-0.007742201,-0.012600758,0.866550565,10.42616558,,,,,,,,
1771214015,ATTITUDE,,,,,,,,,0.010318575,0.020187631,-2.889245033,10.40632915,,,,,,,,
1771214015,ATTITUDE,,,,,,,,,-0.002236181,-0.023834264,-0.525566399,10.41596508,,,,,,,,
1771214015,ATTITUDE,,,,,,,,,-0.003262049,0.029709179,1.878538489,10.37202358,,,,,,,,
1771214016,ATTITUDE,,,,,,,,,0.024488574,-0.022183992,-2.074065208,10.28089714,,,,,,,,
1771214016,ATTITUDE,,,,,,,,,-0.039937474,0.012751662,0.313643783,10.20936012,,,,,,,,
1771214016,ATTITUDE,,,,,,,,,0.08034768,0.021101503,2.734477043,10.20404148,,,,,,,,
1771214016,ATTITUDE,,,,,,,,,-0.131767988,-0.108031526,-1.155566335,10.42979336,,,,,,,,
1771214017,ATTITUDE,,,,,,,,,0.120276339,0.263464719,1.237301111,10.54544449,,,,,,,,
1771214017,ATTITUDE,,,,,,,,,0.099741369,-0.464947104,-2.694848299,10.05681992,,,,,,,,
1771214017,ATTITUDE,,,,,,,,,-0.598236561,0.383823484,-0.557043612,9.734556198,,,,,,,,
1771214017,ATTITUDE,,,,,,,,,0.431250483,0.604786634,1.191139936,3.119773388,,,,,,,,
1771214018,ATTITUDE,,,,,,,,,0.660121262,0.035469498,1.369769335,2.783742666,,,,,,,,
1771214018,ALTITUDE,,,,,,,,579.8041992,,,,,,,,,,,,
1771214018,LOCAL_POSITION_NED,,,,,,,,,,,,,,-1.964108825,3.695284128,3.694370031,,,,
1771214018,SERVO_OUTPUT_RAW,,,,0,0,0,0,,,,,,,,,,,,,
1771214018,ATTITUDE,,,,,,,,,0.157314003,-0.137621075,1.430651903,-0.187560916,,,,,,,,
1771214018,ATTITUDE,,,,,,,,,-0.03652275,-0.042712551,1.562878966,-0.114088438,,,,,,,,
1771214018,ATTITUDE,,,,,,,,,-0.078395069,0.026971165,1.614751697,-0.02452823,,,,,,,,
1771214018,BATTERY_STATUS,12.305,0,86,,,,,,,,,,,,,,,,,
1771214018,ATTITUDE,,,,,,,,,-0.146200299,0.048839167,1.625071883,0.076971903,,,,,,,,
1771214019,ATTITUDE,,,,,,,,,-0.155301169,0.046004944,1.612265825,-0.091758639,,,,,,,,
1771214019,ATTITUDE,,,,,,,,,-0.117246144,0.055984829,1.564391017,-0.26924029,,,,,,,,
1771214019,ATTITUDE,,,,,,,,,-0.068633251,0.006734429,1.495473504,-0.379364163,,,,,,,,
1771214019,ATTITUDE,,,,,,,,,-0.07825423,-0.019076107,1.414071083,-0.317629069,,,,,,,,
1771214020,ATTITUDE,,,,,,,,,-0.088681869,0.000249118,1.364760041,-0.099242382,,,,,,,,
1771214020,ATTITUDE,,,,,,,,,-0.065968268,0.037880458,1.347771406,-0.031644717,,,,,,,,
1771214020,ATTITUDE,,,,,,,,,-0.071486995,0.060513519,1.327806592,-0.142992094,,,,,,,,
1771214020,VIBRATION,,,,,,,,,,,,,,,,,3.68E-09,0.035046328,0.362408668,
1771214020,ATTITUDE,,,,,,,,,-0.006462211,0.024811909,1.264271259,-0.243181065,,,,,,,,
1771214021,ATTITUDE,,,,,,,,,0.021127846,0.015212381,1.2176373,-0.164551675,,,,,,,,
1771214021,ATTITUDE,,,,,,,,,0.037024185,-0.004556612,1.17485702,-0.205628499,,,,,,,,
1771214021,ATTITUDE,,,,,,,,,0.02679171,-0.02112483,1.134126544,-0.153783008,,,,,,,,
1771214021,ALTITUDE,,,,,,,,580.0551758,,,,,,,,,,,,
1771214021,LOCAL_POSITION_NED,,,,,,,,,,,,,,-3.16689229,3.318287611,8.191034317,,,,
1771214021,SERVO_OUTPUT_RAW,,,,0,0,0,0,,,,,,,,,,,,,
1771214021,ATTITUDE,,,,,,,,,0.027920892,-0.026602883,1.091821909,-0.16554144,,,,,,,,
1771214021,ATTITUDE,,,,,,,,,-0.050378513,0.004020147,1.069510341,0.012553056,,,,,,,,
1771214022,ATTITUDE,,,,,,,,,0.030093424,-0.020581925,1.070292592,-0.019189702,,,,,,,,
1771214022,ATTITUDE,,,,,,,,,0.011244295,-0.010756236,1.070595384,-0.003016735,,,,,,,,
1771214022,ATTITUDE,,,,,,,,,0.01106578,-0.008454638,1.070809484,0.014250117,,,,,,,,
1771214022,ATTITUDE,,,,,,,,,0.012128963,-0.008872383,1.0706141,-0.000855355,,,,,,,,
1771214023,ATTITUDE,,,,,,,,,0.012881627,-0.009032611,1.070613623,0.004156848,,,,,,,,
1771214023,ATTITUDE,,,,,,,,,0.013180394,-0.008558566,1.070572138,-0.003077263,,,,,,,,
1771214023,ATTITUDE,,,,,,,,,0.013250905,-0.007906981,1.070498109,-0.000478139,,,,,,,,
1771214023,ATTITUDE,,,,,,,,,0.013210225,-0.007018818,1.070523262,-0.001190277,,,,,,,,
1771214024,ATTITUDE,,,,,,,,,0.01332369,-0.006409868,1.070396423,0.001468705,,,,,,,,
1771214024,ATTITUDE,,,,,,,,,0.012742414,-0.005173413,1.070418358,0.001083682,,,,,,,,
1771214024,ATTITUDE,,,,,,,,,0.011473627,-0.003644318,1.070373178,0.000711012,,,,,,,,
1771214024,ATTITUDE,,,,,,,,,0.010003303,-0.002758752,1.070498824,0.000981154,,,,,,,,
1771214024,ATTITUDE,,,,,,,,,0.008401487,-0.003308055,1.070694566,0.001278708,,,,,,,,
1771214025,ALTITUDE,,,,,,,,579.8728638,,,,,,,,,,,,
1771214025,LOCAL_POSITION_NED,,,,,,,,,,,,,,-14.90998936,-1.931284547,3.833768606,,,,
1771214025,SERVO_OUTPUT_RAW,,,,0,0,0,0,,,,,,,,,,,,,
1771214025,ATTITUDE,,,,,,,,,0.005762612,-0.005828526,1.071065187,-0.000790511,,,,,,,,
1771214025,ATTITUDE,,,,,,,,,0.002900921,-0.009327829,1.071666479,-0.000445723,,,,,,,,
1771214025,ATTITUDE,,,,,,,,,0.000356209,-0.012271329,1.072207332,0.000283282,,,,,,,,
1771214025,BATTERY_STATUS,12.413,0,93,,,,,,,,,,,,,,,,,
1771214025,ATTITUDE,,,,,,,,,-0.001306197,-0.014037181,1.072369337,-0.002111241,,,,,,,,
1771214026,ATTITUDE,,,,,,,,,-0.002294806,-0.01500837,1.072370052,0.000691351,,,,,,,,
1771214026,ATTITUDE,,,,,,,,,-0.002967935,-0.015560656,1.072262645,0.000541687,,,,,,,,
1771214026,ATTITUDE,,,,,,,,,-0.00335198,-0.015855899,1.072166085,0.001672323,,,,,,,,
1771214026,ATTITUDE,,,,,,,,,-0.00366684,-0.016160591,1.071988344,-0.001156625,,,,,,,,
1771214027,ATTITUDE,,,,,,,,,-0.003900769,-0.016317658,1.071697235,-0.000150315,,,,,,,,
1771214027,ATTITUDE,,,,,,,,,-0.004144814,-0.016521683,1.071347475,-0.002343644,,,,,,,,
1771214027,ATTITUDE,,,,,,,,,-0.004251564,-0.016621033,1.070905089,0.000454068,,,,,,,,
1771214027,ATTITUDE,,,,,,,,,-0.00448985,-0.016689891,1.070509195,0.000123204,,,,,,,,
1771214027,ATTITUDE,,,,,,,,,-0.004622311,-0.016693782,1.070164204,0.000359608,,,,,,,,
1771214028,ATTITUDE,,,,,,,,,-0.004753646,-0.016751504,1.069803238,-0.000433808,,,,,,,,
1771214028,ATTITUDE,,,,,,,,,-0.004848416,-0.016749037,1.069479346,0.00131639,,,,,,,,
1771214028,ALTITUDE,,,,,,,,579.6746826,,,,,,,,,,,,
1771214028,LOCAL_POSITION_NED,,,,,,,,,,,,,,-14.49231529,-1.684702873,1.989677906,,,,
1771214028,SERVO_OUTPUT_RAW,,,,0,0,0,0,,,,,,,,,,,,,
1771214028,ATTITUDE,,,,,,,,,-0.005011837,-0.016696641,1.069279194,-0.000490126,,,,,,,,
1771214028,ATTITUDE,,,,,,,,,-0.005128572,-0.016707115,1.069087744,0.000196288,,,,,,,,
1771214029,ATTITUDE,,,,,,,,,-0.005206026,-0.016714409,1.068862438,-0.001132352,,,,,,,,
1771214029,ATTITUDE,,,,,,,,,-0.005291055,-0.016720179,1.068573475,-0.000565238,,,,,,,,
1771214029,ATTITUDE,,,,,,,,,-0.005363896,-0.016710781,1.068388581,-0.000577611,,,,,,,,
1771214029,ATTITUDE,,,,,,,,,-0.00544712,-0.016714454,1.068333387,0.000892501,,,,,,,,
1771214030,ATTITUDE,,,,,,,,,-0.005507315,-0.01666647,1.068345428,9.13E-05,,,,,,,,
1771214030,ATTITUDE,,,,,,,,,-0.005502161,-0.01674908,1.068148732,-0.000989437,,,,,,,,
1771214030,ATTITUDE,,,,,,,,,-0.005548168,-0.016689491,1.06802547,-0.000587518,,,,,,,,
1771214030,ATTITUDE,,,,,,,,,-0.005573812,-0.01669121,1.067932248,-1.35E-05,,,,,,,,
1771214031,ATTITUDE,,,,,,,,,-0.005652485,-0.016652476,1.067921638,-0.001365841,,,,,,,,
1771214031,ATTITUDE,,,,,,,,,-0.005627141,-0.016704077,1.06794703,-0.001868304,,,,,,,,
1771214031,ATTITUDE,,,,,,,,,-0.005643543,-0.016707182,1.067945957,-0.000229401,,,,,,,,
1771214031,ATTITUDE,,,,,,,,,-0.005737786,-0.016715078,1.067950368,-0.001446026,,,,,,,,
1771214031,ATTITUDE,,,,,,,,,-0.005735628,-0.016647076,1.067883372,-0.00053029,,,,,,,,
1771214032,ALTITUDE,,,,,,,,579.838562,,,,,,,,,,,,
1771214032,LOCAL_POSITION_NED,,,,,,,,,,,,,,-14.42848682,-1.633925438,1.735852957,,,,
1771214032,SERVO_OUTPUT_RAW,,,,0,0,0,0,,,,,,,,,,,,,
1771214032,ATTITUDE,,,,,,,,,-0.005720929,-0.016671473,1.067839384,0.000163582,,,,,,,,
1771214032,ATTITUDE,,,,,,,,,-0.005770839,-0.016621271,1.067852855,0.000326546,,,,,,,,
1771214032,ATTITUDE,,,,,,,,,-0.005739881,-0.016537348,1.067891121,5.44E-05,,,,,,,,
1771214032,BATTERY_STATUS,12.454,0,94,,,,,,,,,,,,,,,,,
1771214032,ATTITUDE,,,,,,,,,-0.00575407,-0.016437417,1.067930579,-7.46E-05,,,,,,,,
1771214033,ATTITUDE,,,,,,,,,-0.005756008,-0.01636159,1.067866564,0.000643825,,,,,,,,
1771214033,ATTITUDE,,,,,,,,,-0.00566192,-0.016295861,1.067783475,-0.001319456,,,,,,,,
1771214033,ATTITUDE,,,,,,,,,-0.005594492,-0.016282354,1.067773461,-0.000461863,,,,,,,,
1771214033,ATTITUDE,,,,,,,,,-0.005487259,-0.016203525,1.067779899,-0.000500556,,,,,,,,
1771214034,ATTITUDE,,,,,,,,,-0.005300174,-0.016213179,1.067697287,0.000448316,,,,,,,,
1771214034,ATTITUDE,,,,,,,,,-0.0050152,-0.016236296,1.067621708,-0.000705017,,,,,,,,
1771214034,ATTITUDE,,,,,,,,,-0.00477383,-0.016118549,1.067632079,-9.37E-05,,,,,,,,
1771214034,ATTITUDE,,,,,,,,,-0.004621156,-0.016151512,1.067652583,-0.000919127,,,,,,,,
1771214034,ATTITUDE,,,,,,,,,-0.004391267,-0.016124628,1.067690372,-0.002100082,,,,,,,,
1771214035,ATTITUDE,,,,,,,,,-0.004184437,-0.016183022,1.06761682,0.000509071,,,,,,,,
1771214035,ATTITUDE,,,,,,,,,-0.003985297,-0.016154418,1.067625046,-0.000781811,,,,,,,,
1771214035,ALTITUDE,,,,,,,,579.6456299,,,,,,,,,,,,
1771214035,LOCAL_POSITION_NED,,,,,,,,,,,,,,-14.41999912,-1.623918056,1.555630684,,,,
1771214035,SERVO_OUTPUT_RAW,,,,0,0,0,0,,,,,,,,,,,,,
1771214035,ATTITUDE,,,,,,,,,-0.003826378,-0.01611607,1.067760348,9.50E-05,,,,,,,,
1771214035,ATTITUDE,,,,,,,,,-0.00364729,-0.016143681,1.067770362,0.000187983,,,,,,,,
1771214036,ATTITUDE,,,,,,,,,-0.003593222,-0.016109636,1.067894936,-0.00017117,,,,,,,,
1771214036,ATTITUDE,,,,,,,,,-0.003518105,-0.016034087,1.068046689,-3.85E-05,,,,,,,,
1771214036,ATTITUDE,,,,,,,,,-0.00339108,-0.015951969,1.068108082,3.42E-05,,,,,,,,
1771214036,ATTITUDE,,,,,,,,,-0.003303145,-0.015902158,1.068293214,0.000891015,,,,,,,,
1771214037,ATTITUDE,,,,,,,,,-0.003171142,-0.01587533,1.068505049,7.63E-05,,,,,,,,
1771214037,ATTITUDE,,,,,,,,,-0.003144637,-0.0158679,1.068648815,-0.002150584,,,,,,,,
1771214037,ATTITUDE,,,,,,,,,-0.003060185,-0.015832908,1.068737507,0.000857817,,,,,,,,
1771214037,ATTITUDE,,,,,,,,,-0.003033309,-0.015733521,1.068878651,-9.91E-05,,,,,,,,
1771214037,ATTITUDE,,,,,,,,,-0.00298936,-0.015635384,1.068943858,-0.001190465,,,,,,,,
1771214038,ATTITUDE,,,,,,,,,-0.002969883,-0.015604016,1.069031596,-0.000145387,,,,,,,,
1771214038,ATTITUDE,,,,,,,,,-0.002897517,-0.015653564,1.069137454,0.000114093,,,,,,,,
1771214038,ATTITUDE,,,,,,,,,-0.002911947,-0.0156391,1.069287539,-0.00125835,,,,,,,,
1771214038,ATTITUDE,,,,,,,,,-0.002898925,-0.015565181,1.069520235,-0.000195609,,,,,,,,
1771214039,ALTITUDE,,,,,,,,579.8068237,,,,,,,,,,,,
1771214039,LOCAL_POSITION_NED,,,,,,,,,,,,,,-14.42098522,-1.620034575,1.268743277,,,,
1771214039,SERVO_OUTPUT_RAW,,,,0,0,0,0,,,,,,,,,,,,,
1771214039,ATTITUDE,,,,,,,,,-0.002864687,-0.015530166,1.069622159,-0.001515405,,,,,,,,
1771214039,ATTITUDE,,,,,,,,,-0.002929512,-0.015460885,1.069750547,0.001097129,,,,,,,,
1771214039,ATTITUDE,,,,,,,,,-0.002935902,-0.015387533,1.069909453,0.001477839,,,,,,,,
1771214039,BATTERY_STATUS,12.462,0,95,,,,,,,,,,,,,,,,,
1771214039,ATTITUDE,,,,,,,,,-0.003010644,-0.015378769,1.070125461,0.000559771,,,,,,,,
1771214040,ATTITUDE,,,,,,,,,-0.00305569,-0.015364621,1.070152164,0.000111482,,,,,,,,
1771214040,ATTITUDE,,,,,,,,,-0.003068941,-0.01538298,1.070122123,-0.000279535,,,,,,,,
1771214040,ATTITUDE,,,,,,,,,-0.003075858,-0.015428761,1.070271492,0.00024757,,,,,,,,
1771214040,ATTITUDE,,,,,,,,,-0.003065309,-0.015398204,1.070395112,-5.92E-05,,,,,,,,
1771214041,ATTITUDE,,,,,,,,,-0.003096094,-0.01536734,1.070554137,0.001238692,,,,,,,,
1771214041,ATTITUDE,,,,,,,,,-0.003165107,-0.015315576,1.070587873,0.000548896,,,,,,,,
1771214041,ATTITUDE,,,,,,,,,-0.003221891,-0.015291092,1.070625901,0.00042156,,,,,,,,
1771214041,ATTITUDE,,,,,,,,,-0.003276084,-0.015300404,1.070586205,5.94E-05,,,,,,,,
1771214041,ATTITUDE,,,,,,,,,-0.003351805,-0.015216067,1.070687294,-0.000121427,,,,,,,,
1771214042,ATTITUDE,,,,,,,,,-0.003415091,-0.015210211,1.070711732,-0.000489856,,,,,,,,
1771214042,ATTITUDE,,,,,,,,,-0.003420369,-0.015174159,1.070740223,-0.001183178,,,,,,,,
1771214042,ALTITUDE,,,,,,,,579.6509399,,,,,,,,,,,,
1771214042,LOCAL_POSITION_NED,,,,,,,,,,,,,,-14.41701031,-1.621186495,1.105921507,,,,
1771214042,SERVO_OUTPUT_RAW,,,,0,0,0,0,,,,,,,,,,,,,
1771214042,ATTITUDE,,,,,,,,,-0.003510651,-0.01510167,1.070804954,-0.000605093,,,,,,,,
1771214042,ATTITUDE,,,,,,,,,-0.003538541,-0.015084531,1.070848227,-0.001247441,,,,,,,,
1771214043,ATTITUDE,,,,,,,,,-0.003548328,-0.015136127,1.070915699,-0.001478432,,,,,,,,
1771214043,ATTITUDE,,,,,,,,,-0.003561018,-0.015012071,1.070865035,-0.000179798,,,,,,,,
1771214043,ATTITUDE,,,,,,,,,-0.003534169,-0.014945644,1.070780873,-0.000970699,,,,,,,,
1771214043,ATTITUDE,,,,,,,,,-0.003520502,-0.01491633,1.07085371,-0.000643512,,,,,,,,
1771214044,ATTITUDE,,,,,,,,,-0.003474828,-0.014914064,1.070861936,-0.00035138,,,,,,,,
1771214044,ATTITUDE,,,,,,,,,-0.003351707,-0.014810471,1.070879698,3.62E-05,,,,,,,,
1771214044,ATTITUDE,,,,,,,,,-0.003231122,-0.014763515,1.070923209,-0.000285925,,,,,,,,
1771214044,ATTITUDE,,,,,,,,,-0.00303097,-0.014802059,1.070997953,-0.000318276,,,,,,,,
1771214044,ATTITUDE,,,,,,,,,-0.002853776,-0.014752096,1.071086764,4.81E-05,,,,,,,,
1771214045,ATTITUDE,,,,,,,,,-0.002613711,-0.014737117,1.071127057,0.001307591,,,,,,,,
1771214045,ATTITUDE,,,,,,,,,-0.00246201,-0.014674819,1.071134925,0.000407371,,,,,,,,
1771214045,ATTITUDE,,,,,,,,,-0.002387292,-0.014589665,1.071121216,0.00035814,,,,,,,,
1771214045,ATTITUDE,,,,,,,,,-0.00224963,-0.014578031,1.071116805,0.000383581,,,,,,,,
1771214045,ALTITUDE,,,,,,,,579.7275391,,,,,,,,,,,,
1771214045,LOCAL_POSITION_NED,,,,,,,,,,,,,,-14.42085266,-1.6201967,1.048068285,,,,
1771214045,SERVO_OUTPUT_RAW,,,,0,0,0,0,,,,,,,,,,,,,
1771214046,ATTITUDE,,,,,,,,,-0.002115095,-0.01456685,1.071169257,-0.00076878,,,,,,,,
1771214046,ATTITUDE,,,,,,,,,-0.002033335,-0.014507809,1.071320415,-0.000271944,,,,,,,,
1771214046,ATTITUDE,,,,,,,,,-0.001960561,-0.014489153,1.071438313,-7.84E-05,,,,,,,,
